,Open,High,Low,Close,Volume
2015-12-18 16:00:00-05:00,10.0,10.39,8.35,9.1,5366961
2015-12-21 16:00:00-05:00,9.3,9.49,9.1,9.31,471347
2015-12-22 16:00:00-05:00,9.45,9.6,9.23,9.6,192857
2015-12-23 16:00:00-05:00,9.52,9.6,9.35,9.45,137562
2015-12-24 16:00:00-05:00,9.55,9.59,9.35,9.5,61687
2015-12-28 16:00:00-05:00,9.41,9.98,9.41,9.95,336193
2015-12-29 16:00:00-05:00,9.9,10.28,9.81,9.85,556918
2015-12-30 16:00:00-05:00,9.82,9.82,9.29,9.53,199904
2015-12-31 16:00:00-05:00,9.5,9.76,9.33,9.45,304521
2016-01-04 16:00:00-05:00,9.28,9.49,8.9,8.96,402588
2016-01-05 16:00:00-05:00,9.01,9.32,8.3,8.43,393790
2016-01-06 16:00:00-05:00,8.48,8.8,8.35,8.44,662650
2016-01-07 16:00:00-05:00,8.36,8.4,7.5,7.64,1022572
2016-01-08 16:00:00-05:00,7.8,8.0,6.62,7.38,697823
2016-01-11 16:00:00-05:00,7.4098,7.4098,6.6,6.6,574237
2016-01-12 16:00:00-05:00,6.7,7.15,6.7,7.09,244244
2016-01-13 16:00:00-05:00,7.08,7.25,6.9,6.98,155394
2016-01-14 16:00:00-05:00,7.24,7.5,6.8872,7.41,154823
2016-01-15 16:00:00-05:00,7.13,7.49,6.34,7.48,189748
2016-01-19 16:00:00-05:00,7.4,7.5,7.21,7.39,62305
2016-01-20 16:00:00-05:00,7.2,7.3,6.6,7.06,146033
2016-01-21 16:00:00-05:00,7.06,7.06,7.05,7.0,78100
2016-01-22 16:00:00-05:00,7.12,7.15,7.019,7.07,38539
2016-01-25 16:00:00-05:00,7.109,7.11,6.93,7.0,72261
2016-01-26 16:00:00-05:00,6.95,7.0,6.62,6.86,118871
2016-01-27 16:00:00-05:00,6.98,6.98,6.77,6.93,64610
2016-01-28 16:00:00-05:00,6.96,6.97,6.76,6.78,70483
2016-01-29 16:00:00-05:00,6.8,6.9397,6.7301,6.82,47298
2016-02-01 16:00:00-05:00,6.8,6.88,6.11,6.15,334278
2016-02-02 16:00:00-05:00,6.16,6.28,4.7,4.88,626753
2016-02-03 16:00:00-05:00,5.33,5.33,4.66,4.84,828557
2016-02-04 16:00:00-05:00,4.88,5.05,4.6,4.7,531904
2016-02-05 16:00:00-05:00,4.7,4.7,4.3,4.36,187963
2016-02-08 16:00:00-05:00,4.2,4.645,4.02,4.11,223417
2016-02-09 16:00:00-05:00,4.03,4.11,3.71,3.83,478159
2016-02-10 16:00:00-05:00,3.81,4.0,3.74,3.76,169030
2016-02-11 16:00:00-05:00,3.71,3.71,3.4,3.56,400716
2016-02-12 16:00:00-05:00,3.62,3.75,3.35,3.68,347050
2016-02-16 16:00:00-05:00,3.9,4.56,3.8,4.32,436907
2016-02-17 16:00:00-05:00,4.49,4.79,4.23,4.26,514063
2016-02-18 16:00:00-05:00,4.26,4.49,4.01,4.42,594263
2016-02-19 16:00:00-05:00,4.49,4.87,4.34,4.8,528005
2016-02-22 16:00:00-05:00,4.94,5.75,4.865,5.53,466224
2016-02-23 16:00:00-05:00,5.48,5.89,5.45,5.72,355431
2016-02-24 16:00:00-05:00,5.51,5.6,5.27,5.5,283585
2016-02-25 16:00:00-05:00,5.38,5.84,5.19,5.84,269308
2016-02-26 16:00:00-05:00,5.85,6.2799,5.8328,6.18,364598
2016-02-29 16:00:00-05:00,6.18,6.25,5.825,5.95,131137
2016-03-01 16:00:00-05:00,6.04,6.0699,5.81,5.9,53267
2016-03-02 16:00:00-05:00,6.0,6.04,5.9099,5.99,66077
2016-03-03 16:00:00-05:00,6.0,6.0,5.86,5.98,92959
2016-03-04 16:00:00-05:00,5.94,5.98,5.334,5.37,155292
2016-03-07 16:00:00-05:00,5.43,5.68,5.3801,5.5,272222
2016-03-08 16:00:00-05:00,5.43,5.89,5.43,5.83,243105
2016-03-09 16:00:00-05:00,5.86,6.3,5.625,6.24,571616
2016-03-10 16:00:00-05:00,6.3,8.48,6.24,7.95,1706343
2016-03-11 16:00:00-05:00,8.03,8.44,7.62,8.09,660340
2016-03-14 16:00:00-04:00,8.02,8.14,7.5,7.7,475752
2016-03-15 16:00:00-04:00,7.75,7.99,7.409,7.5,244518
2016-03-16 16:00:00-04:00,7.63,7.708,7.28,7.38,168595
2016-03-17 16:00:00-04:00,7.25,7.87,7.25,7.7,316866
2016-03-18 16:00:00-04:00,7.77,8.94,7.7,8.65,669040
2016-03-21 16:00:00-04:00,8.65,10.04,8.65,9.3,1235801
2016-03-22 16:00:00-04:00,9.2,9.68,8.7,9.57,447543
2016-03-23 16:00:00-04:00,9.65,9.7,8.9,9.16,290854
2016-03-24 16:00:00-04:00,8.78,9.8,8.62,9.59,415545
2016-03-28 16:00:00-04:00,9.51,9.99,9.4527,9.96,329113
2016-03-29 16:00:00-04:00,9.9,9.99,9.6301,9.99,328019
2016-03-30 16:00:00-04:00,9.98,11.98,9.96,11.85,1509006
2016-03-31 16:00:00-04:00,11.9,11.9,11.2264,11.64,397204
2016-04-01 16:00:00-04:00,11.32,12.98,11.11,12.81,664618
2016-04-04 16:00:00-04:00,12.87,14.5,12.75,14.12,1081054
2016-04-05 16:00:00-04:00,14.11,14.87,12.12,12.41,988061
2016-04-06 16:00:00-04:00,12.51,13.35,11.88,12.62,1056619
2016-04-07 16:00:00-04:00,12.7,12.86,10.98,11.05,912172
2016-04-08 16:00:00-04:00,11.24,11.66,10.33,11.0,1161329
2016-04-11 16:00:00-04:00,10.99,12.45,10.93,11.17,1185650
2016-04-12 16:00:00-04:00,11.24,11.75,11.24,11.56,617093
2016-04-13 16:00:00-04:00,11.91,12.1,11.4,12.07,555181
2016-04-14 16:00:00-04:00,12.25,12.65,11.79,12.25,525212
2016-04-15 16:00:00-04:00,12.02,12.38,12.02,12.09,225149
2016-04-18 16:00:00-04:00,11.81,11.81,10.08,10.81,1631179
2016-04-19 16:00:00-04:00,11.04,11.04,10.4101,10.81,404736
2016-04-20 16:00:00-04:00,10.62,11.16,10.37,10.37,402808
2016-04-21 16:00:00-04:00,10.5,10.87,10.3,10.65,372559
2016-04-22 16:00:00-04:00,10.71,12.0,10.71,11.63,814928
2016-04-25 16:00:00-04:00,11.7,13.09,11.7,12.47,1236429
2016-04-26 16:00:00-04:00,12.8,12.94,11.75,12.31,438830
2016-04-27 16:00:00-04:00,12.26,12.32,11.67,11.77,230915
2016-04-28 16:00:00-04:00,11.99,12.8299,11.8001,12.11,532557
2016-04-29 16:00:00-04:00,12.1511,12.5,12.01,12.34,310288
2016-05-02 16:00:00-04:00,12.36,12.49,11.45,11.51,373052
2016-05-03 16:00:00-04:00,11.6,11.9,11.4,11.56,201146
2016-05-04 16:00:00-04:00,11.55,12.31,11.47,11.71,225949
2016-05-05 16:00:00-04:00,11.78,12.0699,11.609,11.84,310632
2016-05-06 16:00:00-04:00,11.88,12.2,11.78,11.95,167698
2016-05-09 16:00:00-04:00,11.77,11.94,10.61,10.69,670861
2016-05-10 16:00:00-04:00,10.79,11.4,10.6101,10.63,518801
2016-05-11 16:00:00-04:00,10.74,11.39,10.32,11.25,485705
2016-05-12 16:00:00-04:00,12.21,12.8,10.9,11.18,1552026
2016-05-13 16:00:00-04:00,11.18,11.2,10.022,10.37,914497
2016-05-16 16:00:00-04:00,10.68,10.79,10.2,10.4,229132
2016-05-17 16:00:00-04:00,10.4,10.48,10.11,10.21,213897
2016-05-18 16:00:00-04:00,10.29,10.92,10.1,10.62,404300
2016-05-19 16:00:00-04:00,10.53,11.37,10.2834,11.05,444636
2016-05-20 16:00:00-04:00,11.24,12.1,11.05,11.8,634715
2016-05-23 16:00:00-04:00,11.9,12.5,11.9,12.42,647774
2016-05-24 16:00:00-04:00,12.5,12.78,12.12,12.75,557818
2016-05-25 16:00:00-04:00,12.75,13.74,12.75,13.54,740384
2016-05-26 16:00:00-04:00,13.54,13.99,13.22,13.6,478143
2016-05-27 16:00:00-04:00,13.56,14.85,13.22,14.34,680347
2016-05-31 16:00:00-04:00,14.68,15.8,14.01,14.5,969556
2016-06-01 16:00:00-04:00,14.76,15.62,14.6105,15.35,598162
2016-06-02 16:00:00-04:00,15.3,16.6399,14.98,16.5,728586
2016-06-03 16:00:00-04:00,16.55,17.4,15.64,15.93,701544
2016-06-06 16:00:00-04:00,16.06,16.85,14.5,15.07,581750
2016-06-07 16:00:00-04:00,15.07,15.5344,14.75,14.86,286617
2016-06-08 16:00:00-04:00,15.0,16.7,14.76,16.7,581803
2016-06-09 16:00:00-04:00,16.46,17.13,15.66,15.77,362726
2016-06-10 16:00:00-04:00,15.69,15.9209,15.11,15.17,307995
2016-06-13 16:00:00-04:00,14.8,15.0,13.2,13.38,698838
2016-06-14 16:00:00-04:00,13.37,13.742,12.9,13.19,428147
2016-06-15 16:00:00-04:00,13.2,14.4,13.19,14.39,541090
2016-06-16 16:00:00-04:00,14.0,14.2499,13.6,13.85,373711
2016-06-17 16:00:00-04:00,14.08,14.15,13.79,14.02,371708
2016-06-20 16:00:00-04:00,14.0,15.24,14.0,14.48,332961
2016-06-21 16:00:00-04:00,14.78,15.3,14.4001,15.09,428176
2016-06-22 16:00:00-04:00,15.23,15.23,14.51,14.56,238897
2016-06-23 16:00:00-04:00,14.63,15.0,14.58,14.82,282758
2016-06-24 16:00:00-04:00,13.88,14.9792,13.0,13.35,764699
2016-06-27 16:00:00-04:00,13.53,14.0855,12.88,13.34,320639
2016-06-28 16:00:00-04:00,13.86,14.0,12.8101,13.98,445960
2016-06-29 16:00:00-04:00,14.0,14.2,13.51,13.64,332504
2016-06-30 16:00:00-04:00,13.65,13.94,13.52,13.9,186974
2016-07-01 16:00:00-04:00,13.73,14.8,13.73,14.5,344020
2016-07-05 16:00:00-04:00,14.55,15.83,14.3,15.81,572901
2016-07-06 16:00:00-04:00,15.79,16.75,15.52,16.4,680334
2016-07-07 16:00:00-04:00,16.59,16.96,15.0,15.14,439913
2016-07-08 16:00:00-04:00,15.16,15.95,15.05,15.79,295733
2016-07-11 16:00:00-04:00,16.34,16.61,15.5,15.77,290051
2016-07-12 16:00:00-04:00,16.15,18.18,15.55,17.86,1201910
2016-07-13 16:00:00-04:00,17.58,19.37,17.58,19.06,879781
2016-07-14 16:00:00-04:00,18.82,19.29,18.11,18.23,332348
2016-07-15 16:00:00-04:00,19.01,21.18,18.3,20.37,757785
2016-07-18 16:00:00-04:00,20.83,22.3,18.64,18.89,1225124
2016-07-19 16:00:00-04:00,19.08,20.87,18.82,20.14,620182
2016-07-20 16:00:00-04:00,20.6,21.84,20.2756,21.81,573179
2016-07-21 16:00:00-04:00,21.81,23.25,21.01,21.62,757058
2016-07-22 16:00:00-04:00,21.84,22.27,20.76,21.45,495340
2016-07-25 16:00:00-04:00,21.33,21.42,20.78,20.98,245890
2016-07-26 16:00:00-04:00,21.0,22.8,21.0,22.09,750124
2016-07-27 16:00:00-04:00,22.6,22.74,21.69,21.89,287156
2016-07-28 16:00:00-04:00,22.0,23.44,22.0,23.34,372403
2016-07-29 16:00:00-04:00,23.5,26.0,23.4,25.64,796305
2016-08-01 16:00:00-04:00,26.6,29.88,26.23,28.3,1084883
2016-08-02 16:00:00-04:00,29.39,30.6299,25.01,25.22,1487899
2016-08-03 16:00:00-04:00,25.35,27.0,23.7,23.86,958084
2016-08-04 16:00:00-04:00,24.4,25.872,23.54,25.07,548653
2016-08-05 16:00:00-04:00,25.49,25.899,23.89,24.3,741758
2016-08-08 16:00:00-04:00,24.94,25.04,23.01,23.48,425135
2016-08-09 16:00:00-04:00,24.25,27.51,23.5,27.0,974777
2016-08-10 16:00:00-04:00,30.18,32.85,28.31,30.63,1980435
2016-08-11 16:00:00-04:00,31.66,32.5,28.59,28.59,1102717
2016-08-12 16:00:00-04:00,29.0,29.31,27.2,27.95,748568
2016-08-15 16:00:00-04:00,28.51,35.49,28.381,35.25,1392831
2016-08-16 16:00:00-04:00,34.84,42.34,31.97,33.4,2863681
2016-08-17 16:00:00-04:00,34.4,37.69,34.0501,35.62,1232610
2016-08-18 16:00:00-04:00,37.74,38.68,36.0,37.5,1215907
2016-08-19 16:00:00-04:00,37.47,38.07,35.8301,36.65,863865
2016-08-22 16:00:00-04:00,36.16,36.6,33.57,33.8,1054365
2016-08-23 16:00:00-04:00,33.93,35.5,31.1,31.44,1547399
2016-08-24 16:00:00-04:00,31.2,31.2,24.35,24.52,5081119
2016-08-25 16:00:00-04:00,23.86,27.99,22.05,24.53,4084840
2016-08-26 16:00:00-04:00,23.81,26.5,23.591,25.84,1482680
2016-08-29 16:00:00-04:00,26.9,29.22,26.65,27.44,1754585
2016-08-30 16:00:00-04:00,28.83,29.49,26.23,26.9,1802734
2016-08-31 16:00:00-04:00,26.49,26.49,23.84,24.09,1620267
2016-09-01 16:00:00-04:00,24.15,24.205,20.1,20.4,2538208
2016-09-02 16:00:00-04:00,20.56,22.22,20.55,21.86,1622105
2016-09-06 16:00:00-04:00,22.52,23.74,21.4,23.06,1066736
2016-09-07 16:00:00-04:00,22.87,23.98,22.46,22.66,715673
2016-09-08 16:00:00-04:00,22.51,22.51,21.21,21.25,588606
2016-09-09 16:00:00-04:00,20.96,20.98,20.3,20.51,512373
2016-09-12 16:00:00-04:00,20.0,22.0,18.8,21.88,845107
2016-09-13 16:00:00-04:00,21.65,22.17,20.21,20.98,751913
2016-09-14 16:00:00-04:00,20.98,21.84,20.5591,20.84,465974
2016-09-15 16:00:00-04:00,20.74,21.39,20.33,20.94,453439
2016-09-16 16:00:00-04:00,20.66,22.3,20.625,22.23,1261321
2016-09-19 16:00:00-04:00,22.6,23.4999,21.09,21.17,1161844
2016-09-20 16:00:00-04:00,21.62,21.7,21.03,21.44,591736
2016-09-21 16:00:00-04:00,21.43,21.6799,19.74,20.71,1312314
2016-09-22 16:00:00-04:00,20.74,20.99,20.1,20.8,812063
2016-09-23 16:00:00-04:00,20.98,20.98,20.34,20.74,621293
2016-09-26 16:00:00-04:00,20.34,21.5747,20.16,21.17,973511
2016-09-27 16:00:00-04:00,21.36,25.35,21.07,25.0,2789571
2016-09-28 16:00:00-04:00,25.15,26.99,23.25,24.07,2841942
2016-09-29 16:00:00-04:00,24.3,24.93,23.2001,24.05,963456
2016-09-30 16:00:00-04:00,23.94,25.19,23.2,23.68,1056632
2016-10-03 16:00:00-04:00,23.76,25.7,23.43,24.97,878673
2016-10-04 16:00:00-04:00,25.0,25.3012,24.0,24.09,624971
2016-10-05 16:00:00-04:00,24.2,26.399,24.2,25.89,1217614
2016-10-06 16:00:00-04:00,25.98,27.56,25.98,27.3,1696054
2016-10-07 16:00:00-04:00,27.72,27.83,25.64,26.39,905355
2016-10-10 16:00:00-04:00,26.39,28.08,26.39,28.04,748153
2016-10-11 16:00:00-04:00,28.03,28.03,26.4,27.09,677641
2016-10-12 16:00:00-04:00,27.15,27.88,26.2134,26.37,628623
2016-10-13 16:00:00-04:00,25.21,27.1586,24.1172,26.75,580190
2016-10-14 16:00:00-04:00,27.42,29.18,26.8,28.9,1088767
2016-10-17 16:00:00-04:00,28.5,29.7499,28.25,28.87,538989
2016-10-18 16:00:00-04:00,29.45,31.14,27.81,28.04,1040150
2016-10-19 16:00:00-04:00,28.94,30.65,28.3,29.27,635774
2016-10-20 16:00:00-04:00,29.49,30.579,28.7228,29.82,428990
2016-10-21 16:00:00-04:00,29.82,30.4767,29.36,30.27,199888
2016-10-24 16:00:00-04:00,30.32,32.0,30.32,30.94,624373
2016-10-25 16:00:00-04:00,30.99,31.86,30.21,30.85,380119
2016-10-26 16:00:00-04:00,31.34,31.55,29.19,29.46,697107
2016-10-27 16:00:00-04:00,29.54,29.85,27.5,28.13,605913
2016-10-28 16:00:00-04:00,27.99,28.31,26.6,28.23,432702
2016-10-31 16:00:00-04:00,28.4,29.5,28.3191,29.0,330543
2016-11-01 16:00:00-04:00,29.36,29.764,25.44,26.04,809113
2016-11-02 16:00:00-04:00,26.54,26.54,25.0,26.0,433083
2016-11-03 16:00:00-04:00,25.78,27.2,25.65,26.81,327485
2016-11-04 16:00:00-04:00,26.82,27.81,26.65,27.53,344749
2016-11-07 16:00:00-05:00,28.4,29.68,28.4,29.6,470601
2016-11-08 16:00:00-05:00,29.6,30.2,28.11,28.6,356568
2016-11-09 16:00:00-05:00,27.34,29.57,27.24,29.18,280163
2016-11-10 16:00:00-05:00,29.54,30.79,28.32,29.22,618017
2016-11-11 16:00:00-05:00,29.08,29.49,27.91,29.43,337833
2016-11-14 16:00:00-05:00,29.43,30.6,29.43,30.55,458152
2016-11-15 16:00:00-05:00,31.0,31.2899,29.23,30.3,851663
2016-11-16 16:00:00-05:00,32.88,33.62,28.5,29.0,1462890
2016-11-17 16:00:00-05:00,29.11,29.64,27.51,28.27,565308
2016-11-18 16:00:00-05:00,28.5,29.77,28.31,29.39,657385
2016-11-21 16:00:00-05:00,29.12,29.95,28.0901,29.38,428794
2016-11-22 16:00:00-05:00,29.62,29.9383,27.9,28.0,673299
2016-11-23 16:00:00-05:00,28.3,28.41,27.121,28.19,316759
2016-11-25 13:00:00-05:00,28.25,28.4399,27.5881,27.84,97482
2016-11-28 16:00:00-05:00,27.6,28.349,27.2,27.86,427576
2016-11-29 16:00:00-05:00,28.25,30.5,27.59,29.17,1066404
2016-11-30 16:00:00-05:00,29.82,30.2,28.2601,28.37,541624
2016-12-01 16:00:00-05:00,28.34,29.2,27.22,27.36,337288
2016-12-02 16:00:00-05:00,27.51,27.96,25.89,26.55,498395
2016-12-05 16:00:00-05:00,26.52,27.78,26.05,27.34,317289
2016-12-06 16:00:00-05:00,27.2,27.83,26.53,26.98,459988
2016-12-07 16:00:00-05:00,26.93,28.2,26.63,27.18,299899
2016-12-08 16:00:00-05:00,27.13,29.1,27.0401,28.77,729909
2016-12-09 16:00:00-05:00,29.05,29.5,27.92,28.1,609318
2016-12-12 16:00:00-05:00,27.84,28.24,26.12,28.14,369005
2016-12-13 16:00:00-05:00,28.1,28.37,26.77,26.94,729735
2016-12-14 16:00:00-05:00,27.0293,27.3574,26.55,26.88,254577
2016-12-15 16:00:00-05:00,26.96,27.489,26.621,26.78,324013
2016-12-16 16:00:00-05:00,27.17,27.33,25.47,25.47,616168
2016-12-19 16:00:00-05:00,25.91,25.91,22.92,23.12,849658
2016-12-20 16:00:00-05:00,23.61,23.61,21.38,21.5,959914
2016-12-21 16:00:00-05:00,21.35,23.67,21.22,22.8,885497
2016-12-22 16:00:00-05:00,23.15,23.85,22.6,22.72,504255
2016-12-23 16:00:00-05:00,22.69,22.9709,21.81,22.19,279609
2016-12-27 16:00:00-05:00,22.0,22.6366,21.95,22.3,168015
2016-12-28 16:00:00-05:00,22.37,22.91,22.05,22.45,285099
2016-12-29 16:00:00-05:00,22.25,22.8,21.24,21.5,321417
2016-12-30 16:00:00-05:00,21.5,21.739,20.5,20.72,477150
2017-01-03 16:00:00-05:00,21.66,21.9,21.09,21.34,314989
2017-01-04 16:00:00-05:00,21.77,21.98,21.15,21.86,322647
2017-01-05 16:00:00-05:00,22.3,22.8755,21.76,22.7,545583
2017-01-06 16:00:00-05:00,22.6,22.6515,21.71,22.38,435474
2017-01-09 16:00:00-05:00,22.5,22.865,21.96,22.32,438286
2017-01-10 16:00:00-05:00,22.5,23.19,22.02,22.65,448977
2017-01-11 16:00:00-05:00,22.62,23.0,22.3,22.68,186515
2017-01-12 16:00:00-05:00,22.53,22.64,21.32,22.09,428642
2017-01-13 16:00:00-05:00,22.03,22.69,21.56,21.94,484158
2017-01-17 16:00:00-05:00,22.27,22.2999,21.7,21.76,185428
2017-01-18 16:00:00-05:00,21.8,22.2,20.9,20.92,489714
2017-01-19 16:00:00-05:00,21.2,21.63,20.74,20.98,373966
2017-01-20 16:00:00-05:00,21.04,21.18,20.65,20.88,221838
2017-01-23 16:00:00-05:00,20.8,21.66,19.85,21.66,700700
2017-01-24 16:00:00-05:00,21.78,21.99,21.23,21.3,384588
2017-01-25 16:00:00-05:00,21.2,21.5772,21.0333,21.23,225788
2017-01-26 16:00:00-05:00,21.36,21.58,21.18,21.28,360501
2017-01-27 16:00:00-05:00,21.57,21.57,21.03,21.23,522141
2017-01-30 16:00:00-05:00,21.23,21.39,20.01,20.13,431759
2017-01-31 16:00:00-05:00,20.04,21.13,19.9,21.13,568037
2017-02-01 16:00:00-05:00,21.14,23.22,21.14,23.15,696994
2017-02-02 16:00:00-05:00,23.2,24.77,22.8,24.47,666665
2017-02-03 16:00:00-05:00,24.6,24.6,23.14,23.38,553820
2017-02-06 16:00:00-05:00,23.35,23.84,21.51,21.65,719302
2017-02-07 16:00:00-05:00,22.07,22.5,21.45,22.04,500363
2017-02-08 16:00:00-05:00,21.98,22.95,21.521,22.67,688234
2017-02-09 16:00:00-05:00,22.8,22.87,21.9,22.48,283009
2017-02-10 16:00:00-05:00,22.37,22.96,22.1401,22.9,332847
2017-02-13 16:00:00-05:00,22.9,24.44,22.66,23.39,743208
2017-02-14 16:00:00-05:00,23.38,24.4,23.38,23.87,478057
2017-02-15 16:00:00-05:00,23.99,24.0099,23.3,23.65,282351
2017-02-16 16:00:00-05:00,23.75,24.5,23.58,24.39,799253
2017-02-17 16:00:00-05:00,24.41,24.84,23.93,24.84,379844
2017-02-21 16:00:00-05:00,24.99,25.0,24.35,24.77,471905
2017-02-22 16:00:00-05:00,24.72,25.8,24.06,25.71,630846
2017-02-23 16:00:00-05:00,25.48,25.79,23.41,23.89,760578
2017-02-24 16:00:00-05:00,23.75,24.58,23.38,24.58,463120
2017-02-27 16:00:00-05:00,24.69,24.83,23.86,24.0,380169
2017-02-28 16:00:00-05:00,23.75,24.23,23.23,23.8,257752
2017-03-01 16:00:00-05:00,24.06,24.6451,24.01,24.45,191311
2017-03-02 16:00:00-05:00,24.5,25.45,24.34,25.4,376302
2017-03-03 16:00:00-05:00,25.15,27.0,25.05,26.78,898763
2017-03-06 16:00:00-05:00,27.06,28.0,26.2351,27.86,625378
2017-03-07 16:00:00-05:00,28.2,29.39,27.9255,29.32,867066
2017-03-08 16:00:00-05:00,29.36,31.2,29.36,30.39,776826
2017-03-09 16:00:00-05:00,31.0,31.64,27.61,27.83,1022029
2017-03-10 16:00:00-05:00,27.87,29.45,27.82,28.26,591172
2017-03-13 16:00:00-04:00,28.63,28.98,27.61,28.14,528192
2017-03-14 16:00:00-04:00,28.68,28.91,27.8,28.65,721193
2017-03-15 16:00:00-04:00,28.45,29.5,28.06,29.29,730105
2017-03-16 16:00:00-04:00,28.14,30.5,25.54,25.65,2303486
2017-03-17 16:00:00-04:00,26.2,26.67,23.15,23.32,1729961
2017-03-20 16:00:00-04:00,23.44,25.0,23.35,24.77,926193
2017-03-21 16:00:00-04:00,25.1,25.44,23.33,23.8,838370
2017-03-22 16:00:00-04:00,24.18,24.43,23.46,24.37,370907
2017-03-23 16:00:00-04:00,24.25,24.99,23.6,24.85,552142
2017-03-24 16:00:00-04:00,25.0,25.58,24.32,24.94,570209
2017-03-27 16:00:00-04:00,24.7,25.38,24.06,25.05,370884
2017-03-28 16:00:00-04:00,25.0,25.399,24.36,24.56,425663
2017-03-29 16:00:00-04:00,24.69,25.29,24.6,24.76,328004
2017-03-30 16:00:00-04:00,25.02,25.18,24.62,25.04,245705
2017-03-31 16:00:00-04:00,24.91,25.19,24.5,25.09,258834
2017-04-03 16:00:00-04:00,25.2,26.16,25.07,25.68,445637
2017-04-04 16:00:00-04:00,26.1,26.1,24.75,25.42,282903
2017-04-05 16:00:00-04:00,25.43,25.89,24.66,24.66,222588
2017-04-06 16:00:00-04:00,24.97,24.97,24.5,24.61,167191
2017-04-07 16:00:00-04:00,24.5,25.16,24.41,24.9,322002
2017-04-10 16:00:00-04:00,24.82,25.4567,24.7717,25.32,187181
2017-04-11 16:00:00-04:00,25.3,25.3657,24.43,24.61,255832
2017-04-12 16:00:00-04:00,24.49,24.78,24.22,24.33,136588
2017-04-13 16:00:00-04:00,24.52,24.52,24.0,24.01,176370
2017-04-17 16:00:00-04:00,24.0,24.29,23.27,23.92,308816
2017-04-18 16:00:00-04:00,23.73,23.75,23.3,23.47,129182
2017-04-19 16:00:00-04:00,23.45,23.75,23.2,23.37,228320
2017-04-20 16:00:00-04:00,23.43,23.78,23.18,23.21,195276
2017-04-21 16:00:00-04:00,23.28,23.85,23.18,23.63,240181
2017-04-24 16:00:00-04:00,23.99,24.25,23.665,24.16,134064
2017-04-25 16:00:00-04:00,24.33,25.0,24.25,24.64,232119
2017-04-26 16:00:00-04:00,24.71,25.0,24.07,24.08,201274
2017-04-27 16:00:00-04:00,24.12,24.77,24.12,24.6,134646
2017-04-28 16:00:00-04:00,24.8,25.14,24.64,24.96,306166
2017-05-01 16:00:00-04:00,25.21,25.4,24.6,24.85,325518
2017-05-02 16:00:00-04:00,24.9,25.31,24.74,24.8,418324
2017-05-03 16:00:00-04:00,24.93,25.16,24.0,24.12,413964
2017-05-04 16:00:00-04:00,24.08,24.4548,23.9,24.06,377683
2017-05-05 16:00:00-04:00,24.06,24.3157,23.93,24.23,315893
2017-05-08 16:00:00-04:00,24.29,24.33,23.7,23.9,193010
2017-05-09 16:00:00-04:00,23.83,25.4,23.78,24.24,479352
2017-05-10 16:00:00-04:00,24.2,24.95,24.19,24.35,432594
2017-05-11 16:00:00-04:00,24.34,24.34,23.6,23.79,443269
2017-05-12 16:00:00-04:00,23.79,24.0,23.71,23.9,304792
2017-05-15 16:00:00-04:00,24.0,24.12,23.75,23.99,393522
2017-05-16 16:00:00-04:00,24.0,24.86,23.9,24.69,639360
2017-05-17 16:00:00-04:00,24.511,24.65,22.76,23.01,588490
2017-05-18 16:00:00-04:00,23.12,24.11,23.02,23.45,545480
2017-05-19 16:00:00-04:00,23.98,24.53,23.72,24.01,778871
2017-05-22 16:00:00-04:00,25.5,26.6199,23.31,23.63,2479558
2017-05-23 16:00:00-04:00,24.0,24.55,23.5,23.7,768425
2017-05-24 16:00:00-04:00,23.76,24.37,23.61,24.12,438399
2017-05-25 16:00:00-04:00,24.18,24.59,23.89,24.09,293745
2017-05-26 16:00:00-04:00,24.01,24.14,23.77,23.83,260491
2017-05-30 16:00:00-04:00,23.67,23.9,23.4,23.89,265583
2017-05-31 16:00:00-04:00,23.94,23.95,23.0,23.18,485851
2017-06-01 16:00:00-04:00,23.26,23.99,23.18,23.83,358429
2017-06-02 16:00:00-04:00,23.92,23.92,23.25,23.44,256975
2017-06-05 16:00:00-04:00,23.43,24.21,23.4,24.15,254078
2017-06-06 16:00:00-04:00,24.15,24.78,24.12,24.38,331363
2017-06-07 16:00:00-04:00,24.55,25.05,24.5,24.79,527632
2017-06-08 16:00:00-04:00,25.14,25.2,24.1637,24.85,285475
2017-06-09 16:00:00-04:00,24.95,25.04,23.74,23.93,427272
2017-06-12 16:00:00-04:00,24.04,24.445,23.57,24.16,232779
2017-06-13 16:00:00-04:00,24.19,24.82,24.19,24.49,130740
2017-06-14 16:00:00-04:00,24.5,24.88,24.16,24.34,183600
2017-06-15 16:00:00-04:00,23.9,24.14,23.63,23.92,223316
2017-06-16 16:00:00-04:00,23.72,24.0,23.4,23.6,288681
2017-06-19 16:00:00-04:00,23.67,24.04,23.65,24.0,134987
2017-06-20 16:00:00-04:00,24.07,24.47,24.02,24.02,180541
2017-06-21 16:00:00-04:00,24.1,24.3026,23.81,24.18,187681
2017-06-22 16:00:00-04:00,23.95,24.25,23.8,23.91,138838
2017-06-23 16:00:00-04:00,23.84,24.7,23.84,24.55,307010
2017-06-26 16:00:00-04:00,24.71,25.3388,24.65,25.19,406254
2017-06-27 16:00:00-04:00,25.17,26.58,24.89,25.58,735674
2017-06-28 16:00:00-04:00,25.65,26.5,24.87,25.45,401597
2017-06-29 16:00:00-04:00,25.57,25.68,24.55,24.83,215547
2017-06-30 16:00:00-04:00,24.85,25.29,24.77,25.0,243242
2017-07-03 13:00:00-04:00,24.96,25.71,24.77,25.21,198784
2017-07-05 16:00:00-04:00,25.29,25.95,25.1761,25.89,168840
2017-07-06 16:00:00-04:00,25.86,25.86,25.1,25.55,186993
2017-07-07 16:00:00-04:00,25.75,26.29,25.74,26.08,238931
2017-07-10 16:00:00-04:00,26.22,26.339,25.76,26.22,199109
2017-07-11 16:00:00-04:00,26.35,28.79,26.35,28.72,1076603
2017-07-12 16:00:00-04:00,28.86,30.0,28.83,29.72,863957
2017-07-13 16:00:00-04:00,29.72,30.0999,28.33,28.57,729803
2017-07-14 16:00:00-04:00,28.76,30.99,28.76,30.89,720856
2017-07-17 16:00:00-04:00,30.72,32.9,30.5,31.98,1055135
2017-07-18 16:00:00-04:00,31.98,35.0,31.98,34.87,1092398
2017-07-19 16:00:00-04:00,35.01,36.92,33.6,34.76,1523594
2017-07-20 16:00:00-04:00,34.9,35.48,32.05,33.79,1190632
2017-07-21 16:00:00-04:00,33.5,33.7,32.68,33.18,420548
2017-07-24 16:00:00-04:00,32.99,35.75,32.5,34.87,898269
2017-07-25 16:00:00-04:00,35.61,35.98,34.24,35.6,565546
2017-07-26 16:00:00-04:00,35.68,36.47,35.0,35.49,373604
2017-07-27 16:00:00-04:00,35.67,36.31,35.32,35.46,645070
2017-07-28 16:00:00-04:00,35.43,35.979,34.89,35.12,477876
2017-07-31 16:00:00-04:00,0.0,38.49,0.0,38.26,1284429
2017-08-01 16:00:00-04:00,36.28,36.7,32.1,33.59,2544090
2017-08-02 16:00:00-04:00,33.49,34.42,29.08,30.57,2006268
2017-08-03 16:00:00-04:00,30.26,32.39,30.0,32.15,763048
2017-08-04 16:00:00-04:00,32.52,33.17,31.85,33.05,361975
2017-08-07 16:00:00-04:00,33.43,37.4,33.16,37.27,1102110
2017-08-08 16:00:00-04:00,37.33,39.9,36.0367,37.04,1214420
2017-08-09 16:00:00-04:00,36.2,37.07,35.2,36.79,529443
2017-08-10 16:00:00-04:00,35.88,36.7608,35.03,35.68,540797
2017-08-11 16:00:00-04:00,35.2,38.73,35.14,38.64,706077
2017-08-14 16:00:00-04:00,39.39,41.85,39.32,41.11,1026708
2017-08-15 16:00:00-04:00,41.17,42.1,39.6107,40.42,644933
2017-08-16 16:00:00-04:00,40.05,41.35,39.8,40.81,483508
2017-08-17 16:00:00-04:00,40.36,40.97,39.4,39.45,398380
2017-08-18 16:00:00-04:00,39.83,40.49,38.2136,40.01,498454
2017-08-21 16:00:00-04:00,40.0,40.9899,39.42,40.07,286927
2017-08-22 16:00:00-04:00,39.97,40.499,38.55,38.84,468804
2017-08-23 16:00:00-04:00,38.43,39.71,37.42,39.37,561766
2017-08-24 16:00:00-04:00,39.11,39.85,37.5,37.99,735743
2017-08-25 16:00:00-04:00,38.35,38.95,37.961,38.35,430033
2017-08-28 16:00:00-04:00,38.35,38.425,36.4,37.26,521673
2017-08-29 16:00:00-04:00,36.45,39.68,36.38,39.12,391811
2017-08-30 16:00:00-04:00,39.49,40.0,38.65,39.79,274940
2017-08-31 16:00:00-04:00,39.99,40.0,39.38,40.0,222381
2017-09-01 16:00:00-04:00,39.96,41.61,39.76,41.45,516863
2017-09-05 16:00:00-04:00,41.45,41.87,39.15,39.38,472151
2017-09-06 16:00:00-04:00,39.99,41.07,39.89,40.59,499261
2017-09-07 16:00:00-04:00,40.59,42.0,40.59,41.79,375965
2017-09-08 16:00:00-04:00,41.79,42.02,41.0701,41.13,255576
2017-09-11 16:00:00-04:00,41.66,42.69,41.34,42.66,361595
2017-09-12 16:00:00-04:00,42.79,45.0,42.3556,44.59,668204
2017-09-13 16:00:00-04:00,44.6,45.0,43.62,44.07,362002
2017-09-14 16:00:00-04:00,43.59,44.89,43.39,44.54,265704
2017-09-15 16:00:00-04:00,44.65,44.8693,44.0,44.72,241430
2017-09-18 16:00:00-04:00,44.88,45.467,44.25,45.39,343461
2017-09-19 16:00:00-04:00,45.87,45.91,44.53,45.84,391276
2017-09-20 16:00:00-04:00,45.5,45.59,44.11,44.91,408865
2017-09-21 16:00:00-04:00,44.53,44.6776,42.2,43.71,481342
2017-09-22 16:00:00-04:00,43.51,44.95,43.21,44.75,358576
2017-09-25 16:00:00-04:00,44.95,45.22,41.8,42.46,525840
2017-09-26 16:00:00-04:00,42.61,43.89,42.0,42.52,254476
2017-09-27 16:00:00-04:00,42.7,45.07,42.6,44.71,495219
2017-09-28 16:00:00-04:00,43.85,43.85,42.24,43.14,288602
2017-09-29 16:00:00-04:00,43.14,43.88,41.544,41.94,326183
2017-10-02 16:00:00-04:00,42.6,42.89,41.85,42.38,223240
2017-10-03 16:00:00-04:00,42.65,45.78,42.4916,45.53,606611
2017-10-04 16:00:00-04:00,45.36,45.36,43.44,44.46,422221
2017-10-05 16:00:00-04:00,45.0,45.28,43.68,44.74,209630
2017-10-06 16:00:00-04:00,44.35,45.68,44.01,45.6,230007
2017-10-09 16:00:00-04:00,46.04,48.44,45.7,47.22,654204
2017-10-10 16:00:00-04:00,47.2,50.59,46.66,46.92,1098037
2017-10-11 16:00:00-04:00,47.13,48.55,47.13,47.84,73263
2017-10-12 16:00:00-04:00,49.24,50.87,48.84,50.62,471279
2017-10-13 16:00:00-04:00,50.3,51.28,48.35,49.8,566164
2017-10-16 16:00:00-04:00,50.29,51.4,49.29,51.3,413682
2017-10-17 16:00:00-04:00,51.35,53.49,50.6,51.81,678000
2017-10-18 16:00:00-04:00,53.0,53.5,50.61,52.27,828360
2017-10-19 16:00:00-04:00,50.7,50.98,48.16,50.74,748554
2017-10-20 16:00:00-04:00,51.4,52.77,50.2001,50.53,615033
2017-10-23 16:00:00-04:00,50.57,50.9399,48.6801,50.13,336847
2017-10-24 16:00:00-04:00,50.0,50.96,49.1,50.78,398786
2017-10-25 16:00:00-04:00,50.52,51.26,46.23,47.1,815342
2017-10-26 16:00:00-04:00,47.32,48.24,45.25,45.52,679977
2017-10-27 16:00:00-04:00,46.9,46.9,41.45,43.76,1281340
2017-10-30 16:00:00-04:00,43.38,43.49,40.3,42.07,965588
2017-10-31 16:00:00-04:00,42.15,44.03,41.6,43.39,668708
2017-11-01 16:00:00-04:00,43.51,45.3,42.08,42.52,627568
2017-11-02 16:00:00-04:00,42.5,43.74,41.69,42.55,439582
2017-11-03 16:00:00-04:00,42.45,43.25,41.24,41.81,317224
2017-11-06 16:00:00-05:00,41.861,43.16,41.0,42.64,494213
2017-11-07 16:00:00-05:00,42.5,43.43,41.01,41.63,432102
2017-11-08 16:00:00-05:00,41.8,42.08,40.5,41.27,344304
2017-11-09 16:00:00-05:00,41.0,42.71,39.46,42.49,682569
2017-11-10 16:00:00-05:00,42.87,43.5955,41.73,42.71,507003
2017-11-13 16:00:00-05:00,43.14,43.79,41.19,41.85,526410
2017-11-14 16:00:00-05:00,42.23,42.32,40.4,41.75,743065
2017-11-15 16:00:00-05:00,39.56,41.6,37.2,41.07,1297595
2017-11-16 16:00:00-05:00,41.21,42.0,40.2,40.65,717367
2017-11-17 16:00:00-05:00,40.65,41.66,39.8,41.55,780782
2017-11-20 16:00:00-05:00,40.74,45.22,40.4701,45.1,978532
2017-11-21 16:00:00-05:00,43.15,44.92,40.81,44.9,1606700
2017-11-22 16:00:00-05:00,44.49,44.5,41.51,42.71,951898
2017-11-24 13:00:00-05:00,42.0,42.0,38.27,38.29,1443329
2017-11-27 16:00:00-05:00,39.01,39.5,37.75,39.24,1092098
2017-11-28 16:00:00-05:00,39.02,40.5,38.22,40.32,594995
2017-11-29 16:00:00-05:00,40.31,40.6,39.13,39.45,608364
2017-11-30 16:00:00-05:00,39.48,40.03,38.65,39.86,583237
2017-12-01 16:00:00-05:00,36.99,38.89,35.43,37.44,626674
2017-12-04 16:00:00-05:00,37.42,37.77,33.03,33.91,1006418
2017-12-05 16:00:00-05:00,33.87,35.07,32.5337,35.07,942075
2017-12-06 16:00:00-05:00,35.17,37.34,35.02,36.05,751924
2017-12-07 16:00:00-05:00,36.04,36.86,35.6,36.05,725582
2017-12-08 16:00:00-05:00,36.19,38.56,36.19,38.12,1016936
