0.000000,0.268897,0.267809,0.270585,0.270587,0.270876
1.000000,0.269304,0.268216,0.270554,0.271096,0.271894
2.000000,0.271585,0.269275,0.270911,0.271605,0.280041
3.000000,0.274844,0.271007,0.271287,0.272522,0.282077
4.000000,0.278208,0.273043,0.272021,0.273127,0.286151
5.000000,0.282892,0.275895,0.273080,0.273901,0.294297
6.000000,0.286762,0.278033,0.274088,0.274376,0.291242
7.000000,-1234.000000,-1234.000000,-1234.000000,-1234.000000,-1234.000000
8.000000,0.290224,0.281680,0.274739,0.274699,-1234.000000
9.000000,0.291497,0.284114,0.275854,0.275008,0.291242
10.000000,0.288289,0.285291,0.276090,0.275149,0.281466
11.000000,0.287475,0.287079,0.277151,0.275682,0.287984
12.000000,0.288449,0.288446,0.278356,0.276353,0.292348
13.000000,0.290893,0.290596,0.280286,0.277280,0.301426
14.000000,0.292808,0.292225,0.282129,0.278291,0.300815
15.000000,0.296677,0.292949,0.283973,0.279246,0.300815
16.000000,0.299562,0.294190,0.285686,0.280326,0.302407
17.000000,0.302070,0.295260,0.287594,0.281324,0.304888
18.000000,0.304921,0.297907,0.290220,0.282728,0.315682
19.000000,0.307875,0.300341,0.292655,0.284298,0.315580
20.000000,0.311052,0.303865,0.295066,0.285667,0.316701
21.000000,0.314318,0.306940,0.297532,0.287423,0.318737
22.000000,0.318121,0.310096,0.299840,0.289301,0.323904
23.000000,0.321950,0.313436,0.302617,0.291717,0.334827
24.000000,0.325229,0.316552,0.305029,0.293999,0.331976
25.000000,0.328284,0.319668,0.307012,0.296282,0.331976
26.000000,0.331339,0.322828,0.309263,0.298494,0.334012
27.000000,0.333768,0.325944,0.310602,0.300818,0.336049
28.000000,0.334222,0.328086,0.312997,0.303278,0.337100
29.000000,0.335363,0.330296,0.315319,0.305634,0.337678
30.000000,0.336585,0.332434,0.318149,0.307952,0.338086
31.000000,-1234.000000,-1234.000000,-1234.000000,-1234.000000,-1234.000000
32.000000,0.337605,0.335473,0.322117,0.311294,-1234.000000
33.000000,0.339065,0.336375,0.324302,0.313468,0.342941
34.000000,0.338607,0.336805,0.326145,0.315242,0.335845
35.000000,0.337446,0.336968,0.327862,0.316640,0.333442
36.000000,0.336515,0.336832,0.329462,0.318124,0.332790
37.000000,0.335521,0.336447,0.330919,0.318623,0.332587
38.000000,0.333532,0.335991,0.331831,0.320133,0.332994
39.000000,0.333491,0.335765,0.332886,0.321664,0.335642
40.000000,0.333931,0.335493,0.333883,0.323532,0.335642
41.000000,0.333360,0.334938,0.334473,0.324979,0.329939
42.000000,0.331609,0.333565,0.334469,0.326064,0.323829
43.000000,0.330658,0.332095,0.334122,0.326989,0.328238
44.000000,0.329721,0.331606,0.334068,0.328028,0.330957
45.000000,0.329273,0.331602,0.334144,0.329152,0.333401
46.000000,0.330006,0.331683,0.334122,0.330228,0.333605
47.000000,0.332532,0.332070,0.334144,0.331316,0.336456
48.000000,0.333198,0.331928,0.333852,0.331864,0.331568
49.000000,0.333809,0.331765,0.333659,0.332500,0.334012
50.000000,0.331894,0.330584,0.332909,0.332745,0.323829
51.000000,0.331568,0.330787,0.332862,0.333202,0.331976
52.000000,0.331568,0.332050,0.332807,0.333635,0.336456
53.000000,0.330468,0.331833,0.331964,0.333333,0.326069
54.000000,0.329445,0.331627,0.331616,0.333227,0.328896
55.000000,0.331278,0.331586,0.331594,0.333262,0.332994
56.000000,-1234.000000,-1234.000000,-1234.000000,-1234.000000,-1234.000000
57.000000,-1234.000000,-1234.000000,-1234.000000,-1234.000000,-1234.000000
58.000000,0.330610,0.330521,0.331303,0.332865,-1234.000000
59.000000,0.332994,0.330776,0.331325,0.332805,0.336049
60.000000,0.332654,0.331794,0.331122,0.332579,0.331976
61.000000,0.330957,0.331031,0.330895,0.332339,0.325866
62.000000,0.329939,0.329707,0.331008,0.331922,0.325866
63.000000,0.329124,0.329681,0.330877,0.331312,0.325866
64.000000,0.327088,0.329302,0.330594,0.330955,0.325866
65.000000,0.325255,0.328030,0.330005,0.330576,0.322811
66.000000,0.324644,0.327450,0.329406,0.330219,0.322811
67.000000,0.323707,0.326823,0.328557,0.329812,0.321181
68.000000,0.322689,0.325907,0.327958,0.329375,0.320776
69.000000,0.320945,0.324016,0.327021,0.328715,0.317149
70.000000,0.320436,0.322845,0.326823,0.328166,0.320265
71.000000,0.317178,0.320911,0.325408,0.327329,0.306517
72.000000,0.317300,0.320503,0.324594,0.327257,0.321792
73.000000,0.317707,0.320198,0.324413,0.327063,0.322811
74.000000,0.317821,0.319383,0.323792,0.326590,0.317719
75.000000,0.318921,0.319678,0.323390,0.326317,0.325764
76.000000,0.323605,0.320391,0.323735,0.326186,0.329939
77.000000,-1234.000000,-1234.000000,-1234.000000,-1234.000000,-1234.000000
78.000000,0.326858,0.321774,0.323949,0.325896,-1234.000000
79.000000,0.330321,0.323376,0.323713,0.325806,0.331568
80.000000,0.330855,0.324225,0.323499,0.325957,0.327902
81.000000,0.329684,0.326307,0.323467,0.325708,0.325255
82.000000,0.328921,0.326759,0.323467,0.325316,0.325866
83.000000,0.327292,0.327099,0.323467,0.325308,0.325868
84.000000,0.326151,0.328004,0.323467,0.325196,0.325866
85.000000,0.325744,0.328016,0.323628,0.324932,0.325866
86.000000,0.323870,0.326454,0.323263,0.324609,0.315886
87.000000,0.320974,0.324947,0.322748,0.324153,0.311385
88.000000,0.319752,0.323522,0.322694,0.323802,0.319756
89.000000,0.318383,0.322267,0.322792,0.323215,0.319022
90.000000,0.317544,0.321644,0.322866,0.322859,0.321670
91.000000,0.317829,0.320849,0.323435,0.322564,0.317312
92.000000,0.317670,0.319322,0.322845,0.322038,0.310591
93.000000,0.316855,0.318303,0.322470,0.321686,0.315682
94.000000,0.314151,0.316267,0.321827,0.320984,0.305499
95.000000,0.313523,0.315534,0.321446,0.320837,0.318534
96.000000,0.311202,0.314515,0.320171,0.320247,0.305703
97.000000,0.312220,0.314945,0.319946,0.320057,0.315682
98.000000,0.310798,0.313827,0.318674,0.319636,0.308574
99.000000,0.311735,0.312943,0.317605,0.319396,0.310183
100.000000,-1234.000000,-1234.000000,-1234.000000,-1234.000000,-1234.000000
101.000000,0.313294,0.312132,0.316720,0.319801,-1234.000000
102.000000,0.314160,0.313082,0.316366,0.319707,0.319145
103.000000,0.316497,0.313331,0.315948,0.319532,0.317923
104.000000,0.317872,0.314463,0.315412,0.319460,0.315682
105.000000,0.316864,0.313829,0.314726,0.318998,0.312831
106.000000,0.316049,0.314825,0.314662,0.318452,0.314664
107.000000,0.315804,0.315073,0.315006,0.318434,0.317921
108.000000,0.314786,0.315546,0.314641,0.317703,0.312831
109.000000,0.314175,0.315818,0.314305,0.317050,0.312627
110.000000,0.313930,0.315397,0.313775,0.316489,0.311609
111.000000,0.312301,0.314175,0.313207,0.315842,0.306517
112.000000,0.311344,0.313574,0.313341,0.315403,0.313136
113.000000,0.311303,0.313045,0.313180,0.314947,0.312627
114.000000,0.310652,0.312413,0.313384,0.314378,0.309369
115.000000,0.310204,0.312067,0.312902,0.313809,0.309369
116.000000,0.310611,0.311456,0.313052,0.313556,0.308554
117.000000,0.309369,0.310356,0.312591,0.313403,0.306925
118.000000,0.309695,0.310499,0.312890,0.313213,0.314257
119.000000,0.308758,0.309705,0.312600,0.312719,0.304684
120.000000,-1234.000000,-1234.000000,-1234.000000,-1234.000000,-1234.000000
121.000000,0.309470,0.310104,0.312247,0.312210,-1234.000000
122.000000,0.311100,0.310138,0.311947,0.312312,0.313442
123.000000,0.311202,0.310364,0.311775,0.312275,0.314664
124.000000,0.311813,0.310115,0.311325,0.312333,0.307128
125.000000,0.312342,0.310681,0.311411,0.312188,0.314460
126.000000,0.312057,0.310907,0.311196,0.312362,0.310591
127.000000,0.310672,0.310862,0.310596,0.312035,0.306517
128.000000,0.308921,0.309934,0.310232,0.311940,0.305906
129.000000,0.309898,0.310749,0.310199,0.312005,0.312016
130.000000,0.310582,0.311462,0.310530,0.312208,0.317882
131.000000,0.312049,0.312053,0.311130,0.312180,0.317923
132.000000,0.314493,0.312582,0.311425,0.312166,0.318737
133.000000,0.317055,0.312988,0.311745,0.312193,0.318717
134.000000,0.317910,0.313904,0.312110,0.312214,0.316293
135.000000,0.317267,0.313925,0.312388,0.312277,0.314664
136.000000,0.317430,0.314739,0.312924,0.312418,0.318737
137.000000,0.318204,0.316348,0.313750,0.312580,0.322607
138.000000,0.319348,0.318202,0.314286,0.312980,0.324440
139.000000,0.322281,0.320096,0.315668,0.313612,0.330957
140.000000,0.325540,0.321403,0.316433,0.314279,0.330957
141.000000,0.326273,0.321851,0.316952,0.314827,0.322403
142.000000,0.326925,0.322564,0.317573,0.315266,0.325866
143.000000,0.327251,0.323299,0.318144,0.315729,0.326069
144.000000,0.325214,0.323747,0.318826,0.316123,0.320774
145.000000,0.322770,0.324155,0.319040,0.316446,0.318737
146.000000,0.324318,0.325295,0.320017,0.317190,0.330143
147.000000,0.322729,0.324827,0.320588,0.317569,0.317923
148.000000,0.320244,0.323747,0.320975,0.317548,0.313646
149.000000,0.320244,0.322729,0.321412,0.318103,0.320774
150.000000,0.320326,0.321548,0.321476,0.318138,0.319145
151.000000,0.317800,0.321059,0.321455,0.318321,0.317515
152.000000,0.320167,0.321448,0.322006,0.318865,0.329756
153.000000,0.323099,0.321672,0.322486,0.319320,0.328308
154.000000,0.324607,0.322425,0.323086,0.320026,0.328310
155.000000,0.325462,0.322894,0.323524,0.320324,0.323422
156.000000,0.327132,0.322466,0.323881,0.320834,0.325866
157.000000,0.325091,0.322629,0.323728,0.321268,0.319552
158.000000,0.324236,0.323668,0.323708,0.321872,0.324033
159.000000,0.322363,0.323485,0.323107,0.322103,0.318941
160.000000,-1234.000000,-1234.000000,-1234.000000,-1234.000000,-1234.000000
161.000000,0.320163,0.324035,0.322469,0.322256,-1234.000000
162.000000,0.321112,0.323323,0.322336,0.322415,0.323348
163.000000,0.321468,0.323006,0.322304,0.322647,0.325458
164.000000,0.322436,0.322395,0.322411,0.322872,0.322811
165.000000,0.322266,0.322191,0.322561,0.323111,0.321589
166.000000,0.323122,0.321807,0.322154,0.323237,0.322403
167.000000,0.323015,0.322169,0.322411,0.323244,0.322813
168.000000,0.322571,0.322081,0.322916,0.323203,0.323238
169.000000,0.323182,0.322850,0.323184,0.323027,0.325866
170.000000,0.323915,0.323091,0.323506,0.322831,0.325255
171.000000,0.324485,0.323803,0.323913,0.322929,0.325255
172.000000,0.325096,0.324055,0.323708,0.322929,0.325866
173.000000,0.325458,0.324014,0.323537,0.322894,0.325051
174.000000,0.325255,0.324218,0.323355,0.323034,0.324847
175.000000,0.324970,0.324442,0.323376,0.323210,0.323831
176.000000,0.324888,0.324687,0.323323,0.323027,0.324847
177.000000,0.324033,0.324564,0.323430,0.323154,0.321589
178.000000,0.323992,0.324725,0.323473,0.323540,0.324847
179.000000,0.323422,0.324338,0.323633,0.323582,0.321996
180.000000,0.322933,0.323951,0.323521,0.323659,0.321385
181.000000,0.321711,0.323300,0.323552,0.323701,0.318737
182.000000,0.322444,0.323238,0.323647,0.323546,0.325255
183.000000,0.322444,0.323218,0.323616,0.323427,0.324847
184.000000,0.322403,0.322913,0.323565,0.323202,0.321792
185.000000,0.322444,0.322688,0.323565,0.323139,0.321589
186.000000,0.322892,0.322301,0.323494,0.322970,0.320978
187.000000,0.322566,0.322505,0.323535,0.323111,0.323625
188.000000,0.322363,0.322403,0.323564,0.323104,0.323829
189.000000,0.321996,0.322200,0.323269,0.323139,0.319959
190.000000,0.321589,0.322016,0.322984,0.323019,0.319552
191.000000,0.322159,0.322525,0.322913,0.323210,0.323829
192.000000,0.322200,0.322383,0.322811,0.323226,0.323829
193.000000,0.321589,0.321976,0.322597,0.323069,0.320774
194.000000,0.322892,0.322444,0.322678,0.323192,0.326477
195.000000,0.324807,0.323198,0.322943,0.323443,0.329124
196.000000,0.326436,0.324297,0.323299,0.323762,0.331976
197.000000,0.328065,0.325132,0.323819,0.324067,0.331976
198.000000,0.329776,0.325682,0.324043,0.324270,0.329328
199.000000,0.331079,0.326986,0.324593,0.324508,0.332994
200.000000,0.332587,0.328697,0.325356,0.324888,0.336660
201.000000,0.335356,0.330896,0.326711,0.325574,0.345825
202.000000,0.339145,0.333605,0.327994,0.326409,0.350916
203.000000,0.344399,0.337087,0.329531,0.327427,0.355599
204.000000,0.348268,0.339674,0.331059,0.328344,0.352342
205.000000,0.352016,0.342301,0.332749,0.329396,0.355397
206.000000,0.354134,0.344745,0.334521,0.330448,0.356415
207.000000,0.355600,0.347373,0.336252,0.331670,0.358248
208.000000,0.356334,0.350366,0.338024,0.332817,0.359267
209.000000,0.356334,0.352301,0.339643,0.333829,0.352342
210.000000,-1234.000000,-1234.000000,-1234.000000,-1234.000000,-1234.000000
211.000000,0.355397,0.354695,0.342169,0.335396,-1234.000000
212.000000,0.352444,0.354198,0.343359,0.336126,0.346436
213.000000,0.351527,0.354198,0.345192,0.337187,0.355601
214.000000,0.352546,0.354650,0.346768,0.338380,0.356415
215.000000,0.353849,0.355058,0.348344,0.339673,0.359063
216.000000,0.355601,0.355510,0.349844,0.341035,0.360489
217.000000,0.358819,0.355986,0.351452,0.342377,0.362525
218.000000,0.360204,0.356348,0.353200,0.343711,0.362525
219.000000,0.361589,0.357570,0.354797,0.345207,0.363340
220.000000,0.363096,0.358473,0.356372,0.346829,0.366599
221.000000,0.363992,0.359796,0.357380,0.348248,0.364969
222.000000,0.364277,0.361548,0.358066,0.349631,0.363951
223.000000,0.363974,0.362089,0.358351,0.351019,0.361008
224.000000,0.364218,0.362903,0.358994,0.352332,0.364562
225.000000,0.363403,0.363249,0.359369,0.353484,0.362525
226.000000,0.362955,0.363474,0.359701,0.354544,0.362729
227.000000,0.363485,0.363881,0.360141,0.355738,0.366599
228.000000,0.363788,0.363881,0.360312,0.356883,0.362525
229.000000,0.364196,0.364207,0.361063,0.358042,0.366599
230.000000,0.364623,0.364013,0.361243,0.359007,0.364664
231.000000,0.365397,0.364176,0.361986,0.359724,0.366599
232.000000,0.365804,0.364645,0.363096,0.360335,0.368635
233.000000,0.366212,0.365000,0.363544,0.360644,0.364562
234.000000,0.365845,0.365020,0.363962,0.361072,0.364766
235.000000,0.366232,0.365428,0.364339,0.361458,0.366599
236.000000,0.366029,0.365713,0.364593,0.361774,0.365580
237.000000,0.366029,0.365916,0.364899,0.362133,0.368635
238.000000,0.366640,0.366426,0.365153,0.362420,0.367617
239.000000,0.366191,0.366018,0.365113,0.362772,0.362525
240.000000,0.364566,0.365399,0.364706,0.362628,0.358473
241.000000,0.364240,0.365134,0.364655,0.363036,0.363951
242.000000,0.361389,0.363709,0.364177,0.363300,0.354379
243.000000,0.357226,0.361933,0.363466,0.363007,0.346802
244.000000,0.354375,0.360283,0.362652,0.362736,0.348269
245.000000,0.352904,0.358735,0.362081,0.362471,0.351120
246.000000,0.350379,0.357310,0.361511,0.362165,0.351324
247.000000,0.349605,0.355497,0.360707,0.361765,0.350509
248.000000,0.349817,0.353521,0.359974,0.361276,0.347862
249.000000,0.349409,0.351892,0.358955,0.360706,0.346232
250.000000,0.348432,0.350668,0.358034,0.360027,0.346232
251.000000,0.347540,0.348959,0.357047,0.359423,0.346864
252.000000,0.346766,0.348185,0.355947,0.358846,0.346640
253.000000,0.347418,0.348617,0.355275,0.358517,0.351120
254.000000,0.348558,0.348984,0.354633,0.358096,0.351935
255.000000,0.349780,0.349106,0.353921,0.357756,0.352342
256.000000,0.350102,0.348821,0.353065,0.357281,0.348473
257.000000,0.350024,0.348395,0.351946,0.356603,0.346253
258.000000,0.349047,0.348232,0.350877,0.356060,0.346232
259.000000,0.348167,0.348363,0.350127,0.355424,0.347536
260.000000,0.346945,0.348363,0.349515,0.354810,0.346232
261.000000,0.346538,0.348320,0.348640,0.354138,0.346436
262.000000,0.347104,0.348564,0.348375,0.353486,0.349084
263.000000,0.347907,0.348477,0.348547,0.353009,0.350246
264.000000,0.348705,0.348436,0.348710,0.352568,0.351527
265.000000,0.349438,0.348192,0.348649,0.352011,0.349898
266.000000,0.349601,0.348069,0.348445,0.351400,0.347251
267.000000,0.349031,0.348067,0.348231,0.350653,0.346232
268.000000,0.348269,0.348088,0.348160,0.349947,0.346436
269.000000,0.347658,0.348181,0.348272,0.349479,0.348473
270.000000,0.347943,0.348691,0.348527,0.349240,0.351324
271.000000,0.348432,0.349016,0.348668,0.348765,0.349695
272.000000,0.349572,0.349302,0.348933,0.348684,0.351935
273.000000,0.349939,0.349104,0.348790,0.348733,0.348269
274.000000,0.350102,0.348880,0.348658,0.348767,0.349287
275.000000,0.349287,0.348615,0.348403,0.348638,0.347251
276.000000,0.349002,0.348717,0.348393,0.348536,0.348269
277.000000,0.348065,0.348819,0.348443,0.348427,0.347251
278.000000,0.348024,0.348982,0.348535,0.348434,0.348065
279.000000,0.347902,0.349002,0.348592,0.348515,0.348676
280.000000,0.347943,0.348615,0.348653,0.348556,0.347454
281.000000,0.348310,0.348656,0.348836,0.348664,0.350102
282.000000,0.349328,0.348697,0.348999,0.348854,0.352342
283.000000,0.350183,0.349104,0.349104,0.348895,0.352342
284.000000,0.350672,0.349287,0.349084,0.348868,0.351120
285.000000,0.351283,0.349613,0.349114,0.348807,0.350509
286.000000,0.351120,0.349715,0.349216,0.348834,0.349287
287.000000,0.351120,0.350224,0.349521,0.349037,0.352342
288.000000,0.351120,0.350652,0.349817,0.349240,0.352342
289.000000,0.350957,0.350815,0.349908,0.349333,0.350305
290.000000,0.351283,0.351283,0.349949,0.349530,0.352138
291.000000,0.351894,0.351507,0.350081,0.349726,0.352342
292.000000,0.351487,0.351303,0.350000,0.349767,0.350305
293.000000,0.351446,0.351283,0.350193,0.349830,0.352138
294.000000,0.351853,0.351405,0.350346,0.349857,0.352342
295.000000,0.351853,0.351568,0.350591,0.349932,0.352138
296.000000,0.351853,0.351874,0.350794,0.350102,0.352342
297.000000,0.352261,0.351874,0.351049,0.350305,0.352342
298.000000,0.352301,0.351874,0.351263,0.350502,0.352342
299.000000,0.352301,0.352077,0.351446,0.350631,0.352342
300.000000,0.351650,0.351752,0.351517,0.350550,0.348880
301.000000,0.351039,0.351446,0.351477,0.350536,0.349287
302.000000,0.349857,0.351059,0.351181,0.350353,0.346436
303.000000,0.349002,0.350652,0.350967,0.350346,0.348065
304.000000,0.348635,0.350468,0.350937,0.350387,0.350509
305.000000,0.349084,0.350367,0.350967,0.350516,0.351120
306.000000,0.348473,0.349756,0.350815,0.350448,0.346232
307.000000,0.349491,0.349674,0.350774,0.350591,0.351527
308.000000,0.350346,0.349674,0.350774,0.350733,0.352342
309.000000,0.350346,0.349491,0.350784,0.350794,0.350509
310.000000,0.350550,0.349817,0.350784,0.350950,0.352138
311.000000,0.350672,0.349572,0.350509,0.350842,0.346843
312.000000,0.350265,0.349878,0.350468,0.350747,0.349491
313.000000,0.350020,0.350183,0.350418,0.350706,0.351120
314.000000,0.349776,0.350061,0.350265,0.350645,0.349287
315.000000,0.349328,0.349939,0.350153,0.350625,0.349898
316.000000,0.350061,0.350367,0.350061,0.350665,0.350509
317.000000,0.349613,0.349939,0.349807,0.350496,0.347251
318.000000,0.348921,0.349470,0.349572,0.350339,0.347658
319.000000,0.348432,0.349104,0.349297,0.350224,0.346843
320.000000,0.347902,0.348615,0.349216,0.350061,0.347251
321.000000,0.347291,0.348676,0.349124,0.349898,0.347454
322.000000,0.347169,0.348391,0.349134,0.349776,0.346640
323.000000,0.347006,0.347963,0.349073,0.349599,0.346843
324.000000,0.346884,0.347658,0.348859,0.349396,0.346232
325.000000,0.347332,0.347617,0.348778,0.349308,0.349491
326.000000,0.347902,0.347597,0.348982,0.349240,0.350305
327.000000,0.348024,0.347597,0.348768,0.349070,0.347251
328.000000,0.348310,0.347658,0.348564,0.348934,0.348269
329.000000,0.348717,0.347800,0.348452,0.348798,0.348269
330.000000,0.349287,0.348310,0.348462,0.348914,0.352342
331.000000,0.349695,0.348798,0.348737,0.349016,0.352342
332.000000,0.350428,0.349226,0.348809,0.349165,0.350916
333.000000,0.351202,0.349756,0.348859,0.349301,0.352138
334.000000,0.351283,0.350000,0.348829,0.349240,0.348676
335.000000,0.350550,0.349919,0.348768,0.349158,0.348676
336.000000,0.349857,0.349776,0.348686,0.349246,0.348880
337.000000,0.349328,0.349878,0.348737,0.349138,0.348269
338.000000,0.348758,0.349980,0.348819,0.349036,0.349287
339.000000,0.348798,0.350041,0.348921,0.348982,0.348880
340.000000,0.348798,0.349674,0.348992,0.348866,0.348676
341.000000,0.348798,0.349328,0.349063,0.348934,0.348880
342.000000,0.348921,0.349124,0.349175,0.348914,0.348880
343.000000,0.348717,0.348737,0.349246,0.348819,0.348269
344.000000,0.348676,0.348737,0.349369,0.348798,0.348676
345.000000,0.348595,0.348697,0.349308,0.348744,0.348269
346.000000,0.348839,0.348819,0.349297,0.348730,0.350102
347.000000,0.349043,0.348982,0.349430,0.348819,0.349898
348.000000,0.349206,0.348961,0.349470,0.348866,0.349084
349.000000,0.349165,0.348921,0.349481,0.348921,0.348473
350.000000,0.349654,0.349124,0.349399,0.349036,0.350713
351.000000,0.349532,0.349185,0.349257,0.349104,0.349491
352.000000,0.349450,0.349246,0.349185,0.349199,0.349491
353.000000,0.349654,0.349430,0.349084,0.349308,0.350102
354.000000,0.349735,0.349450,0.349094,0.349396,0.348880
355.000000,0.349043,0.349348,0.349022,0.349321,0.347251
356.000000,0.348717,0.349124,0.348971,0.349240,0.347862
357.000000,0.348839,0.349145,0.349063,0.349335,0.350102
358.000000,0.349043,0.349348,0.349155,0.349430,0.351120
359.000000,0.349491,0.349613,0.349267,0.349525,0.351120
360.000000,0.350265,0.349654,0.349389,0.349484,0.351120
361.000000,0.350876,0.349796,0.349491,0.349437,0.350916
362.000000,0.351324,0.350081,0.349664,0.349484,0.352342
363.000000,0.350876,0.349959,0.349695,0.349375,0.348880
364.000000,0.350509,0.350000,0.349725,0.349396,0.349287
365.000000,0.350061,0.350163,0.349756,0.349403,0.348880
366.000000,0.349735,0.350305,0.349715,0.349416,0.349287
367.000000,0.349690,0.350507,0.349826,0.349544,0.352118
368.000000,0.350179,0.350527,0.349938,0.349612,0.351324
369.000000,0.350383,0.350446,0.350030,0.349660,0.350305
370.000000,0.350668,0.350365,0.350009,0.349714,0.350305
371.000000,0.350872,0.350303,0.350050,0.349762,0.350305
372.000000,0.350346,0.350018,0.350050,0.349782,0.349491
373.000000,0.349857,0.350018,0.349989,0.349802,0.348880
374.000000,0.350265,0.350324,0.350162,0.349925,0.352342
375.000000,0.350468,0.350568,0.350366,0.350026,0.351324
376.000000,0.350794,0.350833,0.350569,0.350088,0.351935
377.000000,0.351140,0.350743,0.350625,0.350132,0.351220
378.000000,0.351751,0.350804,0.350666,0.350227,0.351935
379.000000,0.351140,0.350702,0.350574,0.350254,0.349287
380.000000,0.350611,0.350540,0.350452,0.350186,0.348678
381.000000,0.349878,0.350336,0.350320,0.350145,0.348269
382.000000,0.349288,0.350214,0.350116,0.350105,0.348269
383.000000,0.348595,0.350173,0.350096,0.350050,0.348473
384.000000,0.348391,0.349766,0.350045,0.350030,0.348269
385.000000,0.348554,0.349582,0.350075,0.350105,0.349491
386.000000,0.348798,0.349338,0.350086,0.350159,0.349491
387.000000,0.348880,0.349084,0.349913,0.350111,0.348676
388.000000,0.348839,0.348717,0.349761,0.350016,0.348269
389.000000,0.348676,0.348534,0.349618,0.349894,0.347454
390.000000,0.348717,0.348635,0.349588,0.349847,0.349695
391.000000,0.348554,0.348676,0.349506,0.349772,0.348676
392.000000,0.348839,0.348859,0.349537,0.349697,0.350102
393.000000,0.349165,0.349002,0.349588,0.349731,0.349898
394.000000,0.349328,0.349002,0.349384,0.349697,0.348269
395.000000,0.349043,0.348880,0.349231,0.349677,0.348269
396.000000,0.348961,0.348758,0.349048,0.349643,0.348269
397.000000,0.348839,0.348839,0.348961,0.349555,0.349491
398.000000,0.348513,0.348839,0.348778,0.349453,0.348269
399.000000,0.348717,0.349022,0.348778,0.349420,0.349287
400.000000,0.348350,0.348697,0.348666,0.349291,0.346436
401.000000,0.348310,0.348635,0.348656,0.349216,0.348065
402.000000,0.347984,0.348411,0.348635,0.349162,0.347862
403.000000,0.347699,0.348106,0.348554,0.349094,0.346843
404.000000,0.347291,0.348004,0.348503,0.348924,0.347251
405.000000,0.348065,0.348208,0.348544,0.348890,0.350305
406.000000,0.348513,0.348411,0.348585,0.348836,0.350305
407.000000,0.349572,0.348778,0.348808,0.348900,0.353155
408.000000,0.350549,0.349124,0.348982,0.348893,0.351731
409.000000,0.353034,0.350163,0.349593,0.349240,0.359674
410.000000,0.353890,0.350977,0.349837,0.349436,0.354582
411.000000,0.354794,0.351654,0.350145,0.349655,0.354827
412.000000,0.355120,0.352346,0.350379,0.349872,0.354786
413.000000,0.356486,0.353518,0.350812,0.350209,0.358560
414.000000,0.356445,0.354740,0.351372,0.350582,0.359470
415.000000,0.357138,0.355514,0.351861,0.350867,0.358045
416.000000,0.357455,0.356125,0.352268,0.351098,0.356415
417.000000,0.357578,0.356349,0.352563,0.351322,0.355397
418.000000,0.357637,0.357062,0.353093,0.351675,0.358859
419.000000,0.357637,0.357041,0.353602,0.352075,0.359470
420.000000,0.357800,0.357469,0.354223,0.352381,0.358857
421.000000,0.358044,0.357750,0.354702,0.352680,0.357637
422.000000,0.358554,0.358066,0.355206,0.352941,0.357943
423.000000,0.358531,0.358084,0.355801,0.353236,0.358745
424.000000,0.358368,0.358003,0.356371,0.353582,0.358658
425.000000,0.358613,0.358207,0.356860,0.353976,0.360081
426.000000,0.359428,0.358736,0.357430,0.354424,0.361711
427.000000,0.359183,0.358868,0.357609,0.354665,0.356721
428.000000,0.360387,0.359459,0.358260,0.355215,0.364766
429.000000,0.361976,0.360172,0.358607,0.355792,0.366599
430.000000,0.363483,0.361048,0.359258,0.356498,0.367617
431.000000,0.364420,0.361924,0.359837,0.357109,0.366395
432.000000,0.366802,0.362993,0.360529,0.357801,0.368635
433.000000,0.367169,0.363778,0.360931,0.358460,0.366599
434.000000,0.365662,0.363819,0.360911,0.358854,0.359063
435.000000,0.365418,0.364450,0.361328,0.359390,0.366395
436.000000,0.365295,0.364857,0.361797,0.359906,0.365784
437.000000,0.363666,0.365234,0.362051,0.360151,0.360489
438.000000,0.362200,0.364684,0.362072,0.360402,0.359267
439.000000,0.362322,0.363992,0.362082,0.360402,0.359674
440.000000,0.361914,0.363666,0.362357,0.360727,0.364356
441.000000,0.360590,0.362943,0.362433,0.360872,0.359165
442.000000,0.360224,0.361945,0.362469,0.361001,0.358656
443.000000,0.360916,0.361558,0.362668,0.361140,0.362729
444.000000,0.361283,0.361802,0.362810,0.361208,0.361507
445.000000,0.360916,0.361415,0.362933,0.361357,0.362525
446.000000,0.361629,0.361110,0.362984,0.361568,0.362729
447.000000,0.362403,0.361313,0.363274,0.361805,0.362525
448.000000,0.362607,0.361762,0.363223,0.361968,0.363747
449.000000,0.363422,0.362352,0.363172,0.362172,0.365580
450.000000,0.363299,0.362108,0.362887,0.362274,0.361914
451.000000,0.362648,0.362138,0.362541,0.362335,0.359470
452.000000,0.362770,0.362587,0.362266,0.362508,0.363136
453.000000,0.362851,0.362729,0.362143,0.362688,0.364155
454.000000,0.363055,0.363238,0.362520,0.362953,0.366599
455.000000,0.363259,0.363279,0.362347,0.363048,0.362933
456.000000,0.363788,0.363218,0.362164,0.363062,0.362118
457.000000,0.363462,0.363116,0.362215,0.363221,0.361507
458.000000,0.362729,0.362790,0.362276,0.363079,0.360489
459.000000,0.362240,0.362648,0.362500,0.362997,0.364155
460.000000,0.362363,0.362811,0.362459,0.362861,0.363544
461.000000,0.361466,0.362627,0.362383,0.362570,0.357637
462.000000,0.361670,0.362566,0.362576,0.362366,0.362525
463.000000,0.361874,0.362301,0.362515,0.362196,0.361507
464.000000,0.361874,0.362057,0.362648,0.362366,0.364155
465.000000,0.361955,0.362159,0.362719,0.362284,0.363951
466.000000,0.363075,0.362271,0.362744,0.362200,0.363238
467.000000,0.363483,0.362576,0.362846,0.362335,0.364562
468.000000,0.364868,0.363371,0.363080,0.362641,0.368432
469.000000,0.365316,0.363595,0.363121,0.362865,0.366395
470.000000,0.365031,0.363493,0.363152,0.362804,0.362525
471.000000,0.364684,0.363880,0.363254,0.362882,0.361507
472.000000,0.363992,0.363737,0.363152,0.362963,0.361100
473.000000,0.362811,0.363839,0.363070,0.362957,0.362525
474.000000,0.362444,0.363880,0.362968,0.363058,0.364562
475.000000,0.362851,0.363941,0.363050,0.363126,0.364562
476.000000,0.362892,0.363788,0.363030,0.363092,0.361711
477.000000,0.363716,0.363854,0.363215,0.363182,0.365222
478.000000,0.364002,0.363406,0.363388,0.363189,0.363951
479.000000,0.364042,0.363243,0.363419,0.363162,0.364766
480.000000,0.364170,0.363511,0.363502,0.363271,0.365200
481.000000,0.364781,0.363836,0.363858,0.363448,0.364766
482.000000,0.365219,0.364468,0.364102,0.363590,0.367411
483.000000,0.365952,0.364977,0.364408,0.363706,0.367617
484.000000,0.365911,0.364977,0.364428,0.363638,0.364562
485.000000,0.365987,0.365079,0.364510,0.363726,0.365580
486.000000,0.366313,0.365547,0.364668,0.363869,0.366395
487.000000,0.366110,0.365664,0.364759,0.364032,0.366395
488.000000,0.365051,0.365501,0.364454,0.364093,0.362322
489.000000,0.364236,0.365074,0.364158,0.363971,0.360489
490.000000,0.363992,0.364990,0.364250,0.363998,0.364358
491.000000,0.363462,0.364888,0.364362,0.364201,0.363747
492.000000,0.362811,0.364460,0.364464,0.364222,0.363136
493.000000,0.362603,0.363827,0.364402,0.364214,0.361283
494.000000,0.364029,0.364132,0.364555,0.364330,0.367617
495.000000,0.365291,0.364642,0.364860,0.364554,0.370672
496.000000,0.365332,0.364397,0.364972,0.364577,0.363951
497.000000,0.365617,0.364214,0.364939,0.364577,0.364562
498.000000,0.366640,0.364621,0.365061,0.364510,0.366395
499.000000,-1234.000000,-1234.000000,-1234.000000,-1234.000000,-1234.000000
500.000000,0.364868,0.365103,0.365043,0.364515,-1234.000000
501.000000,0.365937,0.365601,0.365226,0.364747,0.368228
502.000000,0.366955,0.366212,0.365290,0.365006,0.368635
503.000000,0.366293,0.366486,0.365086,0.365049,0.363747
504.000000,0.365947,0.366146,0.365086,0.365049,0.364562
505.000000,0.365947,0.365467,0.365033,0.365049,0.364562
506.000000,0.363951,0.364834,0.364604,0.364929,0.358248
507.000000,0.363666,0.365128,0.364647,0.364998,0.367210
508.000000,0.364318,0.365196,0.364893,0.365103,0.367006
509.000000,0.363910,0.364929,0.365001,0.365026,0.362525
510.000000,0.364521,0.365234,0.365172,0.365109,0.367617
511.000000,0.366354,0.365153,0.365365,0.365200,0.367413
512.000000,0.365642,0.364654,0.365392,0.365071,0.363646
513.000000,0.364379,0.364348,0.365361,0.364832,0.360692
514.000000,0.364379,0.364145,0.365093,0.364762,0.362525
515.000000,0.362912,0.363717,0.364546,0.364579,0.360285
516.000000,0.361650,0.364002,0.364396,0.364396,0.361100
517.000000,0.361100,0.363371,0.364203,0.364207,0.360896
518.000000,0.361141,0.362760,0.363914,0.364158,0.360896
519.000000,0.361222,0.362800,0.363865,0.364242,0.362933
520.000000,0.361466,0.362189,0.363712,0.364144,0.361507
521.000000,0.361426,0.361538,0.363345,0.364045,0.360896
522.000000,0.361325,0.361213,0.362933,0.363951,0.360395
523.000000,0.360837,0.360989,0.362668,0.363853,0.358452
524.000000,0.359492,0.360357,0.362251,0.363460,0.356212
525.000000,0.358352,0.359909,0.361813,0.362947,0.355804
526.000000,0.358515,0.359970,0.361986,0.362870,0.361711
527.000000,0.358737,0.360031,0.361701,0.362765,0.361507
528.000000,0.359837,0.360337,0.361548,0.362680,0.363951
529.000000,0.361385,0.360439,0.361620,0.362723,0.363951
530.000000,0.363381,0.360866,0.361528,0.362763,0.365784
531.000000,0.363462,0.360989,0.361263,0.362560,0.362118
532.000000,0.363462,0.361100,0.361156,0.362322,0.361507
533.000000,0.363177,0.361507,0.361248,0.362281,0.362525
534.000000,0.362933,0.362159,0.361258,0.362220,0.362729
535.000000,0.361018,0.362200,0.361054,0.361942,0.356212
536.000000,0.359043,0.361253,0.360611,0.361742,0.352240
537.000000,0.358961,0.361212,0.360622,0.361538,0.361100
538.000000,0.358473,0.360825,0.360581,0.361307,0.360081
539.000000,0.357943,0.360438,0.360438,0.361226,0.360081
540.000000,0.358489,0.359754,0.360310,0.360936,0.358941
541.000000,0.359446,0.359244,0.360116,0.360590,0.357026
542.000000,0.358428,0.358695,0.359897,0.360336,0.356008
543.000000,0.358102,0.358287,0.359897,0.360261,0.358452
544.000000,0.357776,0.357859,0.360009,0.360125,0.358452
545.000000,0.357678,0.358084,0.360142,0.360064,0.358452
546.000000,0.357963,0.358705,0.359979,0.359976,0.358452
547.000000,0.358656,0.358542,0.359877,0.359928,0.359470
548.000000,0.358941,0.358521,0.359673,0.359894,0.359878
549.000000,0.358941,0.358358,0.359398,0.359745,0.358452
550.000000,0.359919,0.358798,0.359276,0.359806,0.363340
551.000000,0.361996,0.359980,0.359612,0.360071,0.368839
552.000000,0.363299,0.360978,0.359836,0.360257,0.365988
553.000000,0.363503,0.361222,0.359755,0.360339,0.360896
554.000000,0.364929,0.361935,0.359897,0.360651,0.365580
555.000000,0.365092,0.362505,0.360294,0.360929,0.364155
556.000000,0.363829,0.362912,0.360809,0.360957,0.362525
557.000000,0.363299,0.363299,0.360921,0.361018,0.363340
558.000000,0.364399,0.363951,0.361236,0.361099,0.366395
559.000000,0.363992,0.364460,0.361409,0.361086,0.363544
560.000000,0.363870,0.364481,0.361640,0.361011,0.363544
561.000000,0.364481,0.364155,0.362067,0.361126,0.365580
562.000000,0.364521,0.363910,0.362444,0.361194,0.363544
563.000000,0.363992,0.364196,0.362709,0.361235,0.363747
564.000000,0.363992,0.363992,0.362963,0.361262,0.363544
565.000000,0.363992,0.363931,0.363218,0.361506,0.363544
566.000000,0.364440,0.364460,0.363686,0.362026,0.367821
567.000000,0.365051,0.364786,0.364043,0.362209,0.366599
568.000000,0.365279,0.364635,0.364293,0.362369,0.364888
569.000000,0.366501,0.365246,0.364853,0.362688,0.369654
570.000000,0.367234,0.365613,0.365047,0.362964,0.367210
571.000000,0.367316,0.365878,0.365016,0.363337,0.368228
572.000000,0.367316,0.366183,0.365047,0.363690,0.366599
573.000000,0.367780,0.366530,0.365363,0.363982,0.367210
574.000000,0.367210,0.366855,0.365424,0.364261,0.366802
575.000000,0.367576,0.367405,0.365668,0.364614,0.369043
576.000000,0.367332,0.367324,0.365892,0.364899,0.367006
577.000000,0.367988,0.367652,0.366219,0.365246,0.369878
578.000000,0.368680,0.368230,0.366433,0.365606,0.370672
579.000000,0.369454,0.368332,0.366789,0.366013,0.370672
580.000000,0.371409,0.369493,0.367553,0.366529,0.378819
581.000000,0.374587,0.370959,0.368419,0.366997,0.382892
582.000000,0.377393,0.372690,0.369437,0.367595,0.383910
583.000000,0.380122,0.374401,0.370465,0.368375,0.384318
584.000000,0.381752,0.375603,0.371229,0.368817,0.378819
585.000000,0.381385,0.376397,0.371901,0.369244,0.376986
586.000000,0.381263,0.377925,0.372624,0.369903,0.382281
587.000000,0.377800,0.377597,0.372624,0.370012,0.366599
588.000000,0.374949,0.377536,0.372883,0.370134,0.370061
589.000000,0.375308,0.378530,0.373431,0.370703,0.380611
590.000000,0.377466,0.379426,0.374459,0.371511,0.387780
591.000000,0.382802,0.382033,0.376496,0.372957,0.408961
592.000000,0.391560,0.384680,0.378685,0.374518,0.410387
593.000000,0.401580,0.388265,0.381333,0.376399,0.420163
594.000000,0.409654,0.392481,0.384042,0.378313,0.420978
595.000000,0.417149,0.397308,0.386852,0.380370,0.425255
596.000000,0.419226,0.401014,0.389469,0.382088,0.419348
597.000000,0.422566,0.407063,0.392330,0.384104,0.427088
598.000000,0.424196,0.412888,0.395212,0.386218,0.428310
599.000000,0.427128,0.418391,0.398460,0.388418,0.435642
600.000000,0.429613,0.423381,0.401403,0.390766,0.437678
601.000000,0.432587,0.425906,0.403969,0.392966,0.434216
602.000000,0.433442,0.428004,0.406342,0.395125,0.431365
603.000000,0.435153,0.429674,0.408969,0.397447,0.436864
604.000000,0.434827,0.430978,0.411729,0.399687,0.434012
605.000000,0.435031,0.432322,0.414815,0.402009,0.438697
606.000000,0.436619,0.434603,0.417809,0.404514,0.442159
607.000000,0.439145,0.436293,0.421678,0.406984,0.443992
608.000000,0.441181,0.438167,0.425527,0.409530,0.447047
609.000000,0.443910,0.439369,0.428880,0.412096,0.447658
610.000000,0.445010,0.440020,0.431701,0.414276,0.444196
611.000000,0.445499,0.441059,0.433483,0.416333,0.444603
612.000000,0.445092,0.442118,0.435061,0.418267,0.441955
613.000000,0.443462,0.442322,0.435998,0.420087,0.438900
614.000000,0.442729,0.443320,0.437149,0.422259,0.443992
615.000000,0.442688,0.443849,0.438086,0.424493,0.443992
616.000000,0.442566,0.444033,0.439318,0.426550,0.443992
617.000000,0.442974,0.444033,0.440163,0.429130,0.443992
618.000000,0.443992,0.443727,0.440947,0.431594,0.443992
619.000000,0.443462,0.443096,0.441232,0.433618,0.441344
620.000000,0.444318,0.443503,0.441762,0.435635,0.448269
621.000000,0.444969,0.443768,0.442413,0.436911,0.447251
622.000000,0.445703,0.444338,0.443228,0.438153,0.447658
623.000000,0.446314,0.445153,0.443737,0.439050,0.447047
624.000000,0.446436,0.444949,0.444134,0.439749,0.441955
625.000000,0.445214,0.444766,0.444308,0.440312,0.442159
626.000000,0.444277,0.444623,0.444328,0.441086,0.442566
627.000000,0.443381,0.444542,0.444287,0.441623,0.443177
628.000000,0.443177,0.444745,0.444236,0.442213,0.446029
629.000000,0.443910,0.445173,0.444134,0.442546,0.445621
630.000000,0.445377,0.445295,0.444399,0.442940,0.449491
631.000000,0.446436,0.445356,0.444562,0.443394,0.447862
632.000000,0.446151,0.444766,0.444552,0.443741,0.441752
633.000000,0.444847,0.444012,0.444582,0.443829,0.439511
634.000000,0.445132,0.444521,0.444735,0.444263,0.447047
635.000000,0.444644,0.445010,0.444888,0.444542,0.447047
636.000000,0.447291,0.446864,0.445743,0.445173,0.461100
637.000000,0.450876,0.448513,0.446527,0.445696,0.459674
638.000000,0.456212,0.450530,0.447637,0.446334,0.466191
639.000000,0.460204,0.452668,0.448921,0.446979,0.467006
640.000000,0.463055,0.453849,0.449572,0.447549,0.461303
641.000000,0.461996,0.454644,0.450000,0.447923,0.455804
642.000000,0.461955,0.456415,0.450591,0.448506,0.459470
643.000000,0.459837,0.458024,0.451018,0.449063,0.455601
644.000000,0.458982,0.459593,0.452057,0.449688,0.462729
645.000000,0.457515,0.460285,0.452648,0.450020,0.453971
646.000000,0.454664,0.458330,0.452597,0.449939,0.441548
647.000000,0.450591,0.456273,0.452393,0.449776,0.439104
648.000000,0.447332,0.453585,0.452057,0.449620,0.439308
649.000000,0.442607,0.450794,0.451731,0.449545,0.439104
650.000000,0.440163,0.448839,0.451344,0.449328,0.441752
651.000000,0.438737,0.446701,0.450672,0.448900,0.434420
652.000000,0.438289,0.444440,0.450428,0.448540,0.436864
653.000000,0.437678,0.442505,0.450265,0.448181,0.436253
654.000000,0.436497,0.439552,0.449572,0.447889,0.433198
655.000000,0.435071,0.437617,0.448951,0.447637,0.434623
656.000000,0.435071,0.436904,0.447617,0.447366,0.434420
657.000000,0.433890,0.436090,0.446181,0.446959,0.430957
658.000000,0.433075,0.435377,0.444481,0.446497,0.432179
659.000000,0.433971,0.435234,0.443014,0.446232,0.437678
660.000000,0.435479,0.435275,0.442057,0.445988,0.442159
661.000000,0.435642,0.435356,0.441029,0.445567,0.435234
662.000000,0.436660,0.435275,0.439857,0.445377,0.436049
663.000000,0.436375,0.434725,0.438615,0.445085,0.430754
664.000000,0.435112,0.434542,0.437047,0.444562,0.431365
665.000000,0.430183,0.432831,0.435224,0.443578,0.417515
666.000000,0.426925,0.431283,0.434094,0.442172,0.418941
667.000000,0.424725,0.430692,0.433391,0.441018,0.425051
668.000000,0.423585,0.429980,0.432678,0.439647,0.425051
669.000000,0.422281,0.428697,0.431965,0.438242,0.424847
670.000000,0.427210,0.428697,0.431986,0.437604,0.442159
671.000000,0.430550,0.428737,0.432047,0.436931,0.435642
672.000000,0.432912,0.428819,0.432047,0.436178,0.436864
673.000000,0.433238,0.428411,0.431568,0.435214,0.426680
674.000000,0.433605,0.427943,0.431242,0.434012,0.426680
675.000000,0.431242,0.429226,0.431029,0.433225,0.430346
676.000000,0.430876,0.430713,0.430998,0.432967,0.433809
677.000000,0.431446,0.432179,0.431436,0.432987,0.439715
678.000000,0.432464,0.432851,0.431415,0.432736,0.431772
679.000000,0.436619,0.435112,0.431904,0.433014,0.447454
680.000000,0.440244,0.435743,0.432220,0.433238,0.448473
681.000000,0.443585,0.437230,0.432984,0.433775,0.450509
682.000000,0.444888,0.438167,0.433493,0.434087,0.446232
683.000000,0.446436,0.439450,0.433931,0.434196,0.439511
684.000000,0.445703,0.441161,0.434552,0.434549,0.443788
685.000000,0.445255,0.442749,0.435988,0.434936,0.446232
686.000000,0.444847,0.444216,0.437464,0.435404,0.448473
687.000000,0.446314,0.445601,0.438890,0.436158,0.453564
688.000000,0.447332,0.446884,0.439868,0.436572,0.444603
689.000000,0.446925,0.446314,0.440713,0.436707,0.441752
690.000000,0.445621,0.445438,0.440591,0.436626,0.439715
691.000000,0.445010,0.444929,0.441079,0.436965,0.445418
692.000000,0.442444,0.444379,0.441273,0.437122,0.440733
693.000000,0.441059,0.444196,0.441823,0.437352,0.437678
694.000000,0.439959,0.443442,0.442301,0.437515,0.436253
695.000000,0.438656,0.442138,0.442444,0.438038,0.433198
696.000000,0.437434,0.441222,0.442719,0.438717,0.439308
697.000000,0.439104,0.440774,0.443187,0.439518,0.449084
698.000000,0.441874,0.441466,0.444175,0.440401,0.451527
699.000000,0.446273,0.443116,0.444715,0.441514,0.458248
700.000000,0.450265,0.444460,0.444949,0.441881,0.453157
701.000000,0.448473,0.442953,0.443941,0.441704,0.430346
702.000000,0.447088,0.443096,0.443737,0.441881,0.442159
703.000000,0.444888,0.443381,0.443788,0.442342,0.440530
704.000000,0.441792,0.444033,0.443737,0.442878,0.442770
705.000000,0.443177,0.446721,0.444430,0.443870,0.460081
706.000000,0.450591,0.449532,0.445377,0.444990,0.467413
707.000000,0.457678,0.452383,0.446578,0.446253,0.477597
708.000000,0.466110,0.455499,0.448483,0.447950,0.482688
709.000000,0.473320,0.457556,0.450336,0.448995,0.478819
710.000000,0.477189,0.460183,0.452322,0.450027,0.479430
711.000000,0.481670,0.466130,0.454542,0.451337,0.489817
712.000000,0.482892,0.470285,0.456690,0.452587,0.483707
713.000000,0.479145,0.472627,0.458004,0.453401,0.463951
714.000000,0.476701,0.475010,0.459521,0.454162,0.466599
715.000000,0.475234,0.476212,0.461466,0.455024,0.472098
716.000000,0.472790,0.477230,0.463381,0.455995,0.477597
717.000000,0.472016,0.477454,0.464919,0.456870,0.479837
718.000000,0.477271,0.478208,0.466853,0.458391,0.490224
719.000000,0.478045,0.477373,0.467464,0.459348,0.470468
720.000000,0.480692,0.477963,0.469073,0.460869,0.485336
721.000000,0.481141,0.476965,0.471548,0.462016,0.479837
722.000000,0.479063,0.475540,0.472912,0.462974,0.469450
723.000000,0.475560,0.476415,0.474521,0.464141,0.472709
724.000000,0.475234,0.476640,0.475825,0.465227,0.468839
725.000000,0.473075,0.476884,0.476548,0.466606,0.474542
726.000000,0.473279,0.477210,0.477220,0.467990,0.480855
727.000000,0.474379,0.476721,0.477088,0.468853,0.474949
728.000000,0.476782,0.476171,0.477189,0.469959,0.484725
729.000000,0.480774,0.478004,0.477688,0.470978,0.488798
730.000000,0.483055,0.478065,0.478014,0.472071,0.485947
731.000000,0.486069,0.479674,0.478320,0.474257,0.495927
732.000000,0.489939,0.482159,0.478849,0.475995,0.494297
733.000000,0.491568,0.484175,0.480295,0.477739,0.492872
734.000000,0.492749,0.486762,0.481701,0.479470,0.494705
735.000000,0.492016,0.487536,0.482210,0.480210,0.482281
736.000000,0.487169,0.486619,0.481914,0.480353,0.471690
737.000000,0.485866,0.487902,0.482312,0.480692,0.487780
738.000000,0.484033,0.487800,0.481986,0.480726,0.483707
739.000000,0.480448,0.486599,0.482301,0.480659,0.476782
740.000000,0.478859,0.485438,0.481752,0.480489,0.474338
741.000000,0.479308,0.483238,0.481456,0.479959,0.473931
742.000000,0.474134,0.480000,0.481079,0.479233,0.461914
743.000000,0.471813,0.477923,0.481049,0.479504,0.472098
744.000000,0.474420,0.477434,0.482098,0.480278,0.489817
745.000000,0.477312,0.478086,0.482811,0.480835,0.488798
746.000000,0.479919,0.479613,0.483116,0.481147,0.486965
747.000000,0.485132,0.479633,0.483768,0.481419,0.487984
748.000000,0.487699,0.479756,0.483778,0.481242,0.484929
749.000000,0.487495,0.480957,0.483778,0.481853,0.488798
750.000000,0.488921,0.483116,0.484277,0.482206,0.495927
751.000000,0.490916,0.485418,0.484328,0.482777,0.496945
752.000000,0.493075,0.489104,0.484552,0.483754,0.498778
753.000000,0.497108,0.492403,0.485163,0.484834,0.505092
754.000000,0.499633,0.493564,0.485499,0.485920,0.501426
755.000000,0.499389,0.494155,0.486120,0.486592,0.494705
756.000000,0.494542,0.492729,0.486171,0.486320,0.472709
757.000000,0.491079,0.492077,0.485855,0.486538,0.481466
758.000000,0.485621,0.491365,0.485560,0.486307,0.477800
759.000000,0.478982,0.489308,0.485132,0.485621,0.468228
760.000000,0.472831,0.486110,0.484613,0.484888,0.463951
761.000000,0.470631,0.482587,0.484002,0.483747,0.461711
762.000000,0.467413,0.479246,0.484175,0.482783,0.465377
763.000000,0.461752,0.473686,0.483045,0.481337,0.449491
764.000000,0.458534,0.468758,0.481161,0.479919,0.452138
765.000000,0.457067,0.464949,0.479552,0.479063,0.456619
766.000000,0.455886,0.463259,0.477994,0.478534,0.455804
767.000000,0.454868,0.461141,0.476609,0.477617,0.460285
768.000000,0.456864,0.459308,0.475336,0.476809,0.459470
769.000000,0.457963,0.458248,0.473778,0.476171,0.457637
770.000000,0.457475,0.457271,0.471690,0.475499,0.454175
771.000000,0.453971,0.454929,0.468758,0.474311,0.438289
772.000000,0.451365,0.453116,0.466181,0.473822,0.447251
773.000000,0.450102,0.453483,0.463585,0.473191,0.453157
774.000000,0.452098,0.455031,0.461894,0.472451,0.467617
775.000000,0.453483,0.455479,0.460214,0.471527,0.461100
776.000000,0.457923,0.455947,0.459603,0.470645,0.460489
777.000000,0.459715,0.455540,0.458340,0.469586,0.456212
778.000000,0.460367,0.455234,0.457271,0.468635,0.456415
779.000000,0.455234,0.453666,0.455957,0.467074,0.441955
780.000000,0.451690,0.452587,0.454929,0.465322,0.443381
781.000000,0.450102,0.454012,0.454470,0.463842,0.452546
782.000000,0.446680,0.453198,0.453157,0.461853,0.439104
783.000000,0.440937,0.450652,0.452067,0.459274,0.427699
784.000000,0.440081,0.447658,0.451344,0.457149,0.437678
785.000000,0.440774,0.446232,0.450855,0.455553,0.446843
786.000000,0.439593,0.444847,0.450397,0.454684,0.446640
787.000000,0.439959,0.443320,0.449430,0.453333,0.440937
788.000000,0.443707,0.442322,0.448778,0.452288,0.446436
789.000000,0.446191,0.443136,0.448401,0.451684,0.450102
790.000000,0.446232,0.443503,0.448045,0.451120,0.447047
791.000000,0.446477,0.443035,0.448523,0.450659,0.447862
792.000000,0.449450,0.444705,0.448951,0.450339,0.455804
793.000000,0.451935,0.447821,0.449236,0.450652,0.458859
794.000000,0.453238,0.449715,0.448686,0.450801,0.456619
795.000000,0.456049,0.451141,0.448686,0.450950,0.461100
796.000000,0.459104,0.452790,0.448819,0.451195,0.463136
797.000000,0.460774,0.455112,0.449216,0.451324,0.464155
798.000000,0.463218,0.457576,0.449949,0.451711,0.471079
799.000000,0.467454,0.460346,0.451741,0.452383,0.477800
800.000000,0.470428,0.463238,0.453371,0.453109,0.475967
801.000000,0.471120,0.465112,0.454073,0.454053,0.466599
802.000000,0.473116,0.466945,0.455825,0.454949,0.474134
803.000000,0.474420,0.468819,0.458320,0.455764,0.477597
804.000000,0.475071,0.471263,0.460489,0.456212,0.481059
805.000000,0.473320,0.471874,0.461507,0.456415,0.467210
806.000000,0.473971,0.472546,0.462668,0.456728,0.469857
807.000000,0.473727,0.473422,0.464267,0.457284,0.472912
808.000000,0.475723,0.475071,0.466324,0.458323,0.487576
809.000000,0.475723,0.475397,0.467872,0.459627,0.481059
810.000000,0.478859,0.476090,0.469664,0.460944,0.482892
811.000000,0.479470,0.476721,0.470916,0.461623,0.472912
812.000000,0.479308,0.476517,0.471731,0.462722,0.472098
813.000000,0.475967,0.475845,0.472332,0.464162,0.470876
814.000000,0.474745,0.475234,0.473248,0.465404,0.474949
815.000000,0.475397,0.477128,0.474501,0.466714,0.486151
816.000000,0.477963,0.478717,0.475631,0.468018,0.485743
817.000000,0.479796,0.479552,0.476487,0.469362,0.481263
818.000000,0.480652,0.478310,0.476690,0.470319,0.475153
819.000000,0.480896,0.477821,0.476609,0.471188,0.476171
820.000000,0.478534,0.476965,0.476527,0.472098,0.474338
821.000000,0.475071,0.476517,0.476619,0.472783,0.468432
822.000000,0.472587,0.476191,0.476354,0.473218,0.468839
823.000000,0.471690,0.476171,0.476008,0.473612,0.470672
824.000000,0.472383,0.476640,0.475937,0.474379,0.479633
825.000000,0.477067,0.477800,0.477464,0.475601,0.497760
826.000000,0.482118,0.478595,0.478656,0.476619,0.493686
827.000000,0.485988,0.479287,0.479420,0.477420,0.488187
828.000000,0.491405,0.481548,0.479929,0.478310,0.497760
829.000000,0.496701,0.484542,0.481181,0.479253,0.506110
830.000000,0.497026,0.487047,0.482006,0.480034,0.499389
831.000000,0.500041,0.491079,0.483798,0.481439,0.508758
832.000000,0.504033,0.495010,0.485601,0.482573,0.508147
833.000000,0.506762,0.499084,0.487627,0.483700,0.511405
834.000000,0.511894,0.504297,0.490468,0.485390,0.531772
835.000000,0.518248,0.507637,0.492719,0.487522,0.531161
836.000000,0.521141,0.510591,0.494593,0.489301,0.523218
837.000000,0.524481,0.514257,0.496772,0.491032,0.524847
838.000000,0.527984,0.517373,0.499460,0.492410,0.528921
839.000000,0.526517,0.519206,0.501874,0.493856,0.524440
840.000000,0.524847,0.521548,0.504297,0.495187,0.522811
841.000000,0.525499,0.523320,0.507200,0.496972,0.526477
842.000000,0.526151,0.525316,0.510163,0.498839,0.528106
843.000000,0.527210,0.527597,0.513340,0.500950,0.534216
844.000000,0.529980,0.528248,0.516273,0.503062,0.538289
845.000000,0.531365,0.528106,0.517872,0.504515,0.529735
846.000000,0.532016,0.528758,0.519674,0.505981,0.529735
847.000000,0.532179,0.529165,0.521711,0.507570,0.528921
848.000000,0.530957,0.529084,0.523228,0.509335,0.528106
849.000000,0.525051,0.527515,0.523360,0.510421,0.508758
850.000000,0.523136,0.527251,0.524399,0.511948,0.520163
851.000000,0.520000,0.526008,0.524664,0.513469,0.514053
852.000000,0.518819,0.525499,0.525407,0.515275,0.523014
853.000000,0.516538,0.523747,0.525672,0.516809,0.516701
854.000000,0.521914,0.523483,0.525866,0.518676,0.535642
855.000000,0.526965,0.525051,0.526578,0.520265,0.545418
856.000000,0.533442,0.526721,0.527739,0.522023,0.546436
857.000000,0.539022,0.528921,0.529043,0.524114,0.550916
858.000000,0.546843,0.531690,0.530387,0.526049,0.555804
859.000000,0.551690,0.536802,0.532159,0.527841,0.559878
860.000000,0.555112,0.541039,0.534145,0.529946,0.562525
861.000000,0.557189,0.545316,0.535662,0.531548,0.556823
862.000000,0.561629,0.550326,0.537912,0.533714,0.573116
863.000000,0.564725,0.555784,0.539766,0.535709,0.571283
864.000000,0.568350,0.560020,0.541752,0.537251,0.578004
865.000000,0.571120,0.563116,0.544084,0.538758,0.576375
866.000000,0.576049,0.566619,0.546670,0.540699,0.581466
867.000000,0.574908,0.568269,0.548595,0.542118,0.567413
868.000000,0.574297,0.569511,0.550601,0.543428,0.568228
869.000000,0.572464,0.570407,0.553605,0.544908,0.568839
870.000000,0.569491,0.570305,0.555672,0.546198,0.561507
871.000000,0.561426,0.568737,0.557026,0.546687,0.541141
872.000000,0.558493,0.566701,0.558513,0.547508,0.552749
873.000000,0.554501,0.564399,0.560092,0.547977,0.548269
874.000000,0.551120,0.561792,0.560906,0.548432,0.551935
875.000000,0.554338,0.561914,0.562515,0.550027,0.577597
876.000000,0.554460,0.557943,0.562281,0.550428,0.541752
877.000000,0.549817,0.554155,0.561212,0.550448,0.529532
878.000000,0.545662,0.550081,0.559796,0.550428,0.527495
879.000000,0.542892,0.547006,0.558707,0.551405,0.538086
880.000000,0.538126,0.546232,0.558269,0.552525,0.553768
881.000000,0.539552,0.547006,0.557872,0.553686,0.548880
882.000000,0.542770,0.546293,0.556497,0.554440,0.545621
883.000000,0.547536,0.546599,0.555499,0.555594,0.551324
884.000000,0.549491,0.546191,0.553992,0.556001,0.547862
885.000000,0.549654,0.543890,0.552902,0.556307,0.554582
886.000000,0.551894,0.545723,0.551833,0.556762,0.560081
887.000000,0.555764,0.549267,0.551711,0.557230,0.564969
888.000000,0.557841,0.552688,0.551385,0.557427,0.561711
889.000000,0.561222,0.555356,0.551181,0.557590,0.564766
890.000000,0.563910,0.556782,0.551507,0.557773,0.568024
891.000000,0.568147,0.560020,0.553513,0.558588,0.581263
892.000000,0.568758,0.562261,0.554277,0.558418,0.568024
893.000000,0.572749,0.565295,0.555947,0.558764,0.581670
894.000000,0.576538,0.568880,0.557536,0.558955,0.583707
895.000000,0.579674,0.571792,0.557841,0.559199,0.583707
896.000000,0.581100,0.574623,0.560173,0.559430,0.588391
897.000000,0.586029,0.577393,0.563330,0.560272,0.592668
898.000000,0.589084,0.580916,0.566802,0.561229,0.596945
899.000000,0.593035,0.584786,0.570071,0.562383,0.603462
900.000000,0.597026,0.588350,0.572566,0.563788,0.603666
901.000000,0.600163,0.590631,0.575326,0.565886,0.604073
902.000000,0.602485,0.594257,0.578259,0.567604,0.604277
903.000000,0.602933,0.596008,0.580652,0.569301,0.599185
904.000000,0.602363,0.597699,0.583289,0.570923,0.600611
905.000000,0.602281,0.599654,0.585723,0.571779,0.603259
906.000000,0.601141,0.600652,0.587637,0.573666,0.598371
907.000000,0.600774,0.601629,0.589511,0.576096,0.602444
908.000000,0.600896,0.601914,0.591415,0.578506,0.599796
909.000000,0.601629,0.601996,0.593391,0.580713,0.604277
910.000000,0.601874,0.602077,0.595214,0.582403,0.604481
911.000000,0.603299,0.602220,0.596426,0.584291,0.605499
912.000000,0.606273,0.603523,0.598890,0.586680,0.617312
913.000000,0.609287,0.605092,0.600550,0.588798,0.614868
914.000000,0.611446,0.606538,0.602118,0.591039,0.615071
915.000000,0.614297,0.608086,0.603870,0.593177,0.618737
916.000000,0.615723,0.609511,0.605081,0.594929,0.612627
917.000000,0.614908,0.610591,0.606110,0.596538,0.613238
918.000000,0.615071,0.612179,0.607047,0.598337,0.615682
919.000000,0.615764,0.613605,0.607800,0.600129,0.618534
920.000000,0.616090,0.615193,0.608635,0.601874,0.620367
921.000000,0.618411,0.617067,0.609644,0.603306,0.624236
922.000000,0.620937,0.617923,0.610723,0.605234,0.625866
923.000000,0.624969,0.620020,0.612556,0.607040,0.635845
924.000000,0.627902,0.621833,0.614185,0.608690,0.633198
925.000000,0.630998,0.623544,0.615815,0.610428,0.635845
926.000000,0.633605,0.626008,0.617760,0.612057,0.637271
927.000000,0.635682,0.628310,0.619450,0.613510,0.636253
928.000000,0.635886,0.630428,0.621303,0.614840,0.636864
929.000000,0.635723,0.631813,0.622709,0.615804,0.632383
930.000000,0.636212,0.633605,0.624399,0.616959,0.638289
931.000000,0.635031,0.634318,0.625692,0.617868,0.631365
932.000000,0.634257,0.634969,0.626446,0.618805,0.632383
933.000000,0.633646,0.634766,0.627393,0.619959,0.633809
934.000000,0.635031,0.635377,0.628605,0.621249,0.639308
935.000000,0.634786,0.635499,0.629521,0.622376,0.637067
936.000000,0.636049,0.635540,0.630774,0.623686,0.637678
937.000000,0.637189,0.635723,0.632016,0.624874,0.638086
938.000000,0.639756,0.636701,0.633564,0.626436,0.646640
939.000000,0.641874,0.638452,0.635132,0.627957,0.649898
940.000000,0.641670,0.638228,0.635916,0.629009,0.636049
941.000000,0.642240,0.639145,0.636731,0.630177,0.640530
942.000000,0.644807,0.640998,0.637984,0.631297,0.650916
943.000000,0.641629,0.640692,0.637729,0.631826,0.630754
944.000000,0.640937,0.641405,0.638391,0.632872,0.646436
945.000000,0.642159,0.641914,0.638707,0.633652,0.642159
946.000000,0.642118,0.642179,0.638859,0.634576,0.640326
947.000000,0.641466,0.643136,0.639430,0.635723,0.647658
948.000000,0.645295,0.643462,0.640081,0.636864,0.649898
949.000000,0.644277,0.642607,0.640530,0.637624,0.641344
950.000000,0.645947,0.644053,0.641141,0.638629,0.650509
951.000000,0.645825,0.643971,0.641558,0.639145,0.639715
952.000000,0.644481,0.642974,0.641986,0.639647,0.640937
953.000000,0.640733,0.643014,0.641853,0.639491,0.631161
954.000000,0.639878,0.642077,0.641741,0.639620,0.637067
955.000000,0.637475,0.641711,0.641813,0.639708,0.638493
956.000000,0.637026,0.641426,0.641802,0.639715,0.637475
957.000000,0.636945,0.640713,0.641925,0.639857,0.640530
958.000000,0.638819,0.639776,0.641619,0.639980,0.640530
959.000000,0.639511,0.639695,0.641151,0.640251,0.640530
960.000000,0.640733,0.639104,0.641578,0.640462,0.644603
961.000000,0.642974,0.640000,0.641986,0.641039,0.648676
962.000000,0.644807,0.640876,0.641925,0.641616,0.649695
963.000000,0.646843,0.642831,0.642923,0.642179,0.650713
964.000000,0.649898,0.644705,0.643391,0.642729,0.655804
965.000000,0.653360,0.647047,0.644379,0.643557,0.661914
966.000000,0.656415,0.649695,0.645560,0.644433,0.663951
967.000000,0.658656,0.651731,0.646222,0.645193,0.660896
968.000000,0.662933,0.654888,0.647332,0.646042,0.672098
969.000000,0.665173,0.657536,0.648615,0.646612,0.667006
970.000000,0.670061,0.661711,0.650407,0.648289,0.686354
971.000000,0.674542,0.665479,0.652739,0.649817,0.686354
972.000000,0.684521,0.671589,0.656232,0.651813,0.710794
973.000000,0.696130,0.679532,0.661181,0.655126,0.730143
974.000000,0.711405,0.688289,0.666497,0.658357,0.743381
975.000000,0.724033,0.697047,0.672047,0.661935,0.749491
976.000000,0.738289,0.706415,0.678055,0.665845,0.757637
977.000000,0.746843,0.715682,0.683707,0.669375,0.753564
978.000000,0.751527,0.723829,0.689358,0.672831,0.753564
979.000000,0.757637,0.734521,0.696029,0.677251,0.773931
980.000000,0.761507,0.742770,0.702240,0.681195,0.768839
981.000000,0.766802,0.752546,0.709012,0.686008,0.784114
982.000000,0.773523,0.760183,0.715886,0.690883,0.787169
983.000000,0.780448,0.765988,0.722760,0.696117,0.788187
984.000000,0.781874,0.769756,0.729022,0.700916,0.781059
985.000000,0.788391,0.774949,0.735998,0.706348,0.801426
986.000000,0.786965,0.776884,0.741650,0.710998,0.776986
987.000000,0.791039,0.782281,0.748982,0.716565,0.807536
988.000000,0.792057,0.786253,0.755041,0.721656,0.793279
989.000000,0.797352,0.789613,0.762067,0.727223,0.807536
990.000000,0.800000,0.794196,0.768483,0.732892,0.814664
991.000000,0.810998,0.798982,0.775764,0.739002,0.831976
992.000000,0.818737,0.804888,0.782536,0.745553,0.846232
993.000000,0.831772,0.811914,0.788951,0.752478,0.858452
994.000000,0.840530,0.818941,0.794348,0.758995,0.851324
995.000000,0.849084,0.824542,0.799745,0.765513,0.857434
996.000000,0.852749,0.831874,0.804379,0.771724,0.850305
997.000000,0.856212,0.837475,0.809878,0.778479,0.863544
998.000000,0.857637,0.844705,0.815479,0.784929,0.865580
999.000000,0.866395,0.853462,0.821538,0.792532,0.895112
1000.000000,0.874338,0.861711,0.827953,0.799559,0.897149
1001.000000,0.882688,0.867719,0.833350,0.806415,0.892057
1002.000000,0.887576,0.871894,0.838391,0.812322,0.887984
1003.000000,0.892057,0.874847,0.843381,0.817583,0.887984
1004.000000,0.891650,0.879022,0.848982,0.822573,0.893075
1005.000000,0.892261,0.883299,0.853921,0.827597,0.900204
1006.000000,0.890835,0.886762,0.859318,0.831840,0.884929
1007.000000,0.889613,0.888595,0.863035,0.836117,0.881874
1008.000000,0.885743,0.888900,0.866802,0.839952,0.868635
1009.000000,0.881059,0.886354,0.869908,0.843143,0.869654
1010.000000,0.871487,0.881874,0.871792,0.845927,0.852342
1011.000000,0.866395,0.878615,0.873167,0.848439,0.859470
1012.000000,0.859063,0.874338,0.873116,0.850373,0.845214
1013.000000,0.857026,0.871385,0.873116,0.852716,0.858452
1014.000000,0.855397,0.868228,0.873625,0.855397,0.861507
1015.000000,0.855601,0.863544,0.873422,0.857128,0.853360
1016.000000,0.856415,0.861405,0.874084,0.860014,0.863544
1017.000000,0.857637,0.858350,0.873473,0.861473,0.851324
1018.000000,0.856823,0.856925,0.872912,0.863510,0.854379
1019.000000,0.853564,0.854481,0.870418,0.864766,0.845214
1020.000000,0.854379,0.854990,0.868432,0.866191,0.857434
1021.000000,0.850916,0.853666,0.866141,0.866667,0.846232
1022.000000,0.852749,0.855193,0.864766,0.867142,0.860489
1023.000000,0.853971,0.855397,0.863391,0.867210,0.860489
1024.000000,0.858452,0.856008,0.862118,0.867753,0.867617
1025.000000,0.860489,0.857434,0.860489,0.868092,0.867617
1026.000000,0.861303,0.856110,0.858758,0.868092,0.850305
1027.000000,0.860081,0.856415,0.857383,0.867787,0.854379
1028.000000,0.861100,0.857536,0.857230,0.867787,0.865580
1029.000000,0.862118,0.860285,0.857383,0.867040,0.872709
1030.000000,0.866191,0.863340,0.859165,0.866735,0.887984
1031.000000,0.873727,0.867515,0.860591,0.866599,0.887984
1032.000000,0.878208,0.869145,0.862169,0.866225,0.876782
1033.000000,0.876375,0.868737,0.862067,0.865173,0.856415
1034.000000,0.875356,0.868737,0.862373,0.864325,0.867617
1035.000000,0.872505,0.869348,0.863391,0.863442,0.873727
1036.000000,0.873523,0.873625,0.864868,0.863714,0.893075
1037.000000,0.877393,0.877800,0.867108,0.864189,0.896130
1038.000000,0.885743,0.881059,0.869297,0.865173,0.898167
1039.000000,0.891650,0.883503,0.871894,0.866090,0.897149
1040.000000,0.899796,0.886151,0.874745,0.868160,0.914460
1041.000000,0.902037,0.887780,0.877648,0.869654,0.904277
1042.000000,0.905499,0.891446,0.880295,0.871928,0.913442
1043.000000,0.908350,0.897047,0.882892,0.873727,0.912424
1044.000000,0.909980,0.900815,0.884776,0.875187,0.905295
1045.000000,0.907128,0.903462,0.886405,0.876748,0.900204
1046.000000,0.903055,0.902546,0.888086,0.877427,0.883910
1047.000000,0.903666,0.904582,0.891191,0.879599,0.916497
1048.000000,0.900000,0.904175,0.892617,0.880923,0.894094
1049.000000,0.896741,0.903360,0.893432,0.882383,0.889002
1050.000000,0.891039,0.899084,0.892617,0.882858,0.871690
1051.000000,0.889002,0.896029,0.891904,0.883775,0.873727
1052.000000,0.879837,0.891752,0.891599,0.884114,0.870672
1053.000000,0.875153,0.887576,0.892312,0.884453,0.870672
1054.000000,0.871283,0.884012,0.892413,0.884521,0.869654
1055.000000,0.871487,0.881263,0.892363,0.884691,0.872709
1056.000000,0.871894,0.880448,0.891497,0.885540,0.875764
1057.000000,0.871894,0.875866,0.890224,0.886083,0.870672
1058.000000,0.874338,0.874745,0.889460,0.886660,0.882892
1059.000000,0.878819,0.875051,0.889206,0.887305,0.892057
1060.000000,0.880244,0.875866,0.887475,0.887033,0.879837
1061.000000,0.872301,0.872098,0.884063,0.885302,0.836049
1062.000000,0.866395,0.869145,0.880448,0.884114,0.841141
1063.000000,0.860489,0.867413,0.877495,0.884012,0.853360
1064.000000,0.852138,0.865479,0.874745,0.883435,0.850305
1065.000000,0.845825,0.863035,0.872149,0.882587,0.848269
1066.000000,0.848473,0.860387,0.870418,0.881127,0.849287
1067.000000,0.849695,0.858045,0.866955,0.879498,0.847251
1068.000000,0.851731,0.856110,0.865428,0.878344,0.863544
1069.000000,0.854175,0.853157,0.864104,0.877189,0.862525
1070.000000,0.858248,0.852037,0.863951,0.875662,0.868635
1071.000000,0.862933,0.855703,0.863900,0.874610,0.872709
1072.000000,0.864969,0.857332,0.863238,0.872743,0.857434
1073.000000,0.865988,0.858859,0.863136,0.871283,0.868635
1074.000000,0.867210,0.860692,0.863086,0.870061,0.868635
1075.000000,0.865988,0.862118,0.862576,0.868805,0.862525
1076.000000,0.866191,0.864562,0.862475,0.868466,0.873727
1077.000000,0.865988,0.865479,0.861762,0.866463,0.856415
1078.000000,0.858656,0.862322,0.859216,0.864392,0.831976
1079.000000,0.854379,0.860794,0.856976,0.863001,0.847251
1080.000000,0.852953,0.859470,0.855754,0.862458,0.855397
1081.000000,0.850509,0.858350,0.857026,0.862050,0.861507
1082.000000,0.856008,0.860998,0.859165,0.862492,0.883910
1083.000000,0.868635,0.863646,0.861253,0.863306,0.895112
1084.000000,0.886354,0.870367,0.865530,0.865513,0.935845
1085.000000,0.904888,0.878921,0.870519,0.868024,0.948065
1086.000000,0.921792,0.886151,0.875356,0.870367,0.946029
1087.000000,0.931161,0.893585,0.879532,0.872369,0.930754
1088.000000,0.937882,0.903259,0.882790,0.873897,0.928717
1089.000000,0.937882,0.912118,0.886456,0.875356,0.935845
1090.000000,0.936049,0.920468,0.889969,0.877325,0.938900
1091.000000,0.932383,0.927088,0.892719,0.880380,0.927699
1092.000000,0.933605,0.932383,0.896690,0.883571,0.936864
1093.000000,0.932994,0.935438,0.899542,0.885981,0.925662
1094.000000,0.931161,0.934521,0.902444,0.888527,0.926680
1095.000000,0.928717,0.932383,0.905652,0.891141,0.926680
1096.000000,0.927291,0.929837,0.907994,0.893517,0.920570
1097.000000,0.919959,0.926782,0.910183,0.895282,0.900204
1098.000000,0.911609,0.922301,0.912780,0.895961,0.883910
1099.000000,0.905703,0.918432,0.915275,0.897115,0.897149
1100.000000,0.901833,0.915275,0.917872,0.898405,0.907332
1101.000000,0.891650,0.909470,0.918279,0.898303,0.869654
1102.000000,0.888187,0.904073,0.918228,0.899151,0.882892
1103.000000,0.886762,0.899185,0.917312,0.899423,0.876782
1104.000000,0.883910,0.894807,0.914664,0.899898,0.882892
1105.000000,0.882077,0.891955,0.912169,0.901086,0.898167
1106.000000,0.887373,0.889511,0.909674,0.901833,0.896130
1107.000000,0.889206,0.888697,0.907739,0.903021,0.892057
1108.000000,0.895112,0.890937,0.906619,0.905499,0.906314
1109.000000,0.897149,0.890530,0.904481,0.907026,0.893075
1110.000000,0.895927,0.889002,0.902138,0.908248,0.892057
1111.000000,0.898371,0.892872,0.901171,0.909810,0.908350
1112.000000,0.901222,0.895214,0.899644,0.910557,0.906314
1113.000000,0.902037,0.898574,0.898880,0.911066,0.910387
1114.000000,0.904888,0.901018,0.897912,0.910115,0.907332
1115.000000,0.910183,0.903055,0.897505,0.909131,0.918534
1116.000000,0.917923,0.908147,0.898829,0.909165,0.947047
1117.000000,0.931365,0.916293,0.902495,0.910591,0.973523
1118.000000,0.948676,0.925356,0.908147,0.912865,0.996945
1119.000000,0.967210,0.936049,0.913289,0.915003,1.000000
1120.000000,0.981263,0.945723,0.917363,0.916667,0.988798
1121.000000,0.990020,0.953971,0.923422,0.918771,0.990835
1122.000000,0.990020,0.960692,0.927953,0.919993,0.973523
1123.000000,0.986965,0.967821,0.933198,0.921860,0.981670
1124.000000,0.981670,0.974440,0.937729,0.923422,0.973523
1125.000000,0.975356,0.978310,0.940682,0.924440,0.957230
1126.000000,0.968432,0.979226,0.943686,0.925628,0.956212
1127.000000,0.963136,0.976578,0.946436,0.927189,0.947047
1128.000000,0.958452,0.972709,0.949033,0.929667,0.958248
1129.000000,0.955601,0.968635,0.952342,0.931738,0.959267
1130.000000,0.958045,0.966701,0.956212,0.933809,0.969450
1131.000000,0.960692,0.964562,0.959267,0.937135,0.969450
1132.000000,0.964358,0.963747,0.962220,0.939885,0.965377
1133.000000,0.970265,0.964358,0.966090,0.943585,0.987780
1134.000000,0.973116,0.964358,0.969399,0.946606,0.973523
1135.000000,0.972709,0.965377,0.971843,0.948914,0.967413
1136.000000,0.975356,0.968024,0.973625,0.951799,0.982688
1137.000000,0.974949,0.969654,0.973116,0.954175,0.963340
1138.000000,0.972301,0.971283,0.971996,0.956449,0.974542
1139.000000,0.972912,0.973014,0.970825,0.959233,0.976578
1140.000000,0.974949,0.973829,0.970265,0.962084,0.977597
1141.000000,0.972098,0.973727,0.969145,0.964087,0.968432
1142.000000,0.973931,0.974440,0.969094,0.966293,0.972505
1143.000000,0.973320,0.972811,0.968585,0.968330,0.971487
1144.000000,0.973523,0.973218,0.968788,0.970672,0.977597
1145.000000,0.971894,0.973422,0.969399,0.972369,0.969450
1146.000000,0.970061,0.971079,0.969552,0.972777,0.959267
1147.000000,0.964155,0.969043,0.969348,0.971758,0.942974
1148.000000,0.961100,0.967210,0.969246,0.970401,0.956212
1149.000000,0.954786,0.964155,0.968585,0.968601,0.946029
1150.000000,0.950305,0.961100,0.967464,0.967210,0.947047
1151.000000,0.946436,0.958248,0.965988,0.965513,0.939919
1152.000000,0.945010,0.954582,0.964511,0.964257,0.935845
1153.000000,0.941752,0.951426,0.962118,0.962865,0.939919
1154.000000,0.940122,0.947454,0.960336,0.961677,0.937882
1155.000000,0.938289,0.944297,0.958859,0.961032,0.937882
1156.000000,0.938086,0.942261,0.956670,0.960455,0.938900
1157.000000,0.936253,0.940631,0.954837,0.959776,0.926680
1158.000000,0.933809,0.937780,0.952495,0.958758,0.927699
1159.000000,0.928310,0.934216,0.949185,0.957128,0.910387
1160.000000,0.921589,0.929939,0.945519,0.954956,0.904277
1161.000000,0.911813,0.924949,0.941599,0.952308,0.890020
1162.000000,0.908961,0.922607,0.938595,0.950543,0.912424
1163.000000,0.907332,0.920570,0.935998,0.948269,0.919552
1164.000000,0.907536,0.917923,0.932688,0.946198,0.911405
1165.000000,0.904073,0.912831,0.928564,0.943517,0.886965
1166.000000,0.903870,0.907841,0.925051,0.940394,0.889002
1167.000000,0.898982,0.903971,0.922301,0.937882,0.887984
1168.000000,0.894908,0.901120,0.919450,0.935370,0.899185
1169.000000,0.892057,0.899796,0.917006,0.932722,0.897149
1170.000000,0.894908,0.899491,0.914715,0.930177,0.901222
1171.000000,0.896538,0.900204,0.912576,0.927800,0.897149
1172.000000,0.897760,0.898371,0.910489,0.925187,0.894094
1173.000000,0.896741,0.895825,0.908198,0.922607,0.894094
1174.000000,0.896334,0.894196,0.906059,0.919857,0.895112
1175.000000,0.894094,0.894501,0.903666,0.917210,0.890020
1176.000000,0.893890,0.895214,0.901527,0.915105,0.896130
1177.000000,0.888187,0.892974,0.898473,0.912525,0.865580
1178.000000,0.880448,0.888595,0.894857,0.909165,0.855397
1179.000000,0.870468,0.883401,0.891599,0.905804,0.845214
1180.000000,0.864766,0.879430,0.889460,0.902953,0.861507
1181.000000,0.860692,0.877291,0.888747,0.900815,0.875764
1182.000000,0.862322,0.875255,0.886813,0.898744,0.873727
1183.000000,0.866395,0.873422,0.884623,0.896606,0.875764
1184.000000,0.871487,0.870978,0.882587,0.894365,0.870672
1185.000000,0.874338,0.869552,0.882026,0.892295,0.875764
1186.000000,0.873320,0.867006,0.881110,0.890020,0.870672
1187.000000,0.873116,0.867719,0.880346,0.888221,0.872709
1188.000000,0.872912,0.869654,0.879124,0.886456,0.874745
1189.000000,0.877393,0.874440,0.878921,0.885879,0.893075
1190.000000,0.883707,0.879022,0.879226,0.885981,0.907332
1191.000000,0.890631,0.881976,0.879633,0.886490,0.905295
1192.000000,0.899389,0.886253,0.880754,0.886626,0.916497
1193.000000,0.908758,0.890835,0.882128,0.886694,0.921589
1194.000000,0.915275,0.896334,0.883656,0.887169,0.925662
1195.000000,0.919145,0.901426,0.885489,0.888493,0.926680
1196.000000,0.926680,0.908656,0.887831,0.890292,0.942974
1197.000000,0.935642,0.917515,0.892617,0.892736,0.961303
1198.000000,0.943177,0.925967,0.897811,0.894739,0.959267
1199.000000,0.951527,0.933401,0.903921,0.897081,0.967413
1200.000000,0.962729,0.940937,0.909980,0.899796,0.982688
1201.000000,0.970468,0.948574,0.915275,0.902614,0.981670
1202.000000,0.976171,0.955906,0.921079,0.905804,0.989817
1203.000000,0.982077,0.962627,0.926731,0.908961,0.988798
1204.000000,0.986151,0.968839,0.932587,0.912050,0.987780
1205.000000,0.987984,0.975356,0.938391,0.915445,0.991853
1206.000000,0.989817,0.980143,0.944399,0.918601,0.990835
1207.000000,0.989206,0.982688,0.950102,0.922641,0.986762
1208.000000,0.989206,0.985642,0.955804,0.927088,0.988798
1209.000000,0.989817,0.987984,0.960692,0.931942,0.990835
1210.000000,0.991242,0.989613,0.965275,0.936524,0.998982
1211.000000,0.989409,0.989613,0.969094,0.940054,0.981670
1212.000000,0.990224,0.989715,0.972811,0.943958,0.990835
1213.000000,0.991853,0.990530,0.976578,0.947997,0.996945
1214.000000,0.991853,0.990835,0.979837,0.952003,0.990835
1215.000000,0.991039,0.991141,0.983248,0.955974,0.994908
1216.000000,0.989002,0.989206,0.984674,0.959335,0.971487
1217.000000,0.985336,0.987780,0.985234,0.962661,0.972505
1218.000000,0.978615,0.985234,0.985438,0.965614,0.963340
1219.000000,0.975356,0.983605,0.985794,0.968330,0.974542
1220.000000,0.964562,0.977800,0.983707,0.969450,0.940937
1221.000000,0.954990,0.971996,0.980804,0.970061,0.923625
1222.000000,0.933605,0.959470,0.974593,0.968364,0.865580
1223.000000,0.912220,0.945418,0.967974,0.966191,0.856415
1224.000000,0.887373,0.931365,0.961100,0.963680,0.850305
1225.000000,0.870265,0.917413,0.954277,0.961303,0.855397
1226.000000,0.857637,0.906314,0.947760,0.958554,0.860489
1227.000000,0.859267,0.896436,0.942108,0.955635,0.873727
1228.000000,0.863340,0.887780,0.936507,0.952885,0.876782
1229.000000,0.868635,0.878004,0.930804,0.949864,0.876782
1230.000000,0.872912,0.871589,0.924695,0.946334,0.876782
1231.000000,0.880244,0.868941,0.920468,0.943517,0.897149
1232.000000,0.888391,0.873829,0.916650,0.941005,0.914460
1233.000000,0.895112,0.879226,0.912322,0.938391,0.910387
1234.000000,0.897760,0.883198,0.907281,0.935132,0.890020
1235.000000,0.901018,0.886965,0.902189,0.931840,0.893075
1236.000000,0.904481,0.892363,0.899338,0.929294,0.914460
1237.000000,0.910183,0.899287,0.897862,0.927834,0.942974
1238.000000,0.913035,0.904073,0.895927,0.925696,0.924644
1239.000000,0.918126,0.907943,0.892974,0.923184,0.915479
1240.000000,0.923625,0.912322,0.891955,0.920570,0.920570
1241.000000,0.927291,0.915886,0.892413,0.918941,0.932790
1242.000000,0.925662,0.917923,0.895876,0.917074,0.934827
1243.000000,0.923218,0.918126,0.898676,0.914257,0.912424
1244.000000,0.919959,0.919043,0.901120,0.911202,0.899185
1245.000000,0.914664,0.919145,0.903055,0.907841,0.894094
