0.000000,-1234.000000,-1234.000000,-1234.000000,-1234.000000,-1234.000000
1.000000,-1234.000000,-1234.000000,-1234.000000,-1234.000000,-1234.000000
2.000000,-1234.000000,-1234.000000,-1234.000000,-1234.000000,-1234.000000
3.000000,-1234.000000,-1234.000000,-1234.000000,-1234.000000,-1234.000000
4.000000,-1234.000000,-1234.000000,-1234.000000,-1234.000000,-1234.000000
5.000000,-1234.000000,-1234.000000,-1234.000000,-1234.000000,-1234.000000
6.000000,-1234.000000,-1234.000000,-1234.000000,-1234.000000,-1234.000000
7.000000,-1234.000000,-1234.000000,-1234.000000,-1234.000000,-1234.000000
8.000000,-1234.000000,-1234.000000,-1234.000000,-1234.000000,-1234.000000
9.000000,-1234.000000,-1234.000000,-1234.000000,-1234.000000,-1234.000000
10.000000,-1234.000000,-1234.000000,-1234.000000,-1234.000000,-1234.000000
11.000000,0.926704,0.929769,0.923202,0.912799,0.921826
12.000000,0.925078,0.928080,0.924203,0.914509,0.920575
13.000000,0.924328,0.927330,0.924515,0.915781,0.924328
14.000000,0.922702,0.926204,0.925047,0.917052,0.920575
15.000000,0.921701,0.924891,0.925422,0.918261,0.921201
16.000000,0.921900,0.924302,0.926566,0.919295,0.922821
17.000000,0.921775,0.923427,0.927473,0.920150,0.919950
18.000000,0.922650,0.923489,0.927661,0.921109,0.928705
19.000000,0.925902,0.924302,0.928192,0.922422,0.936836
20.000000,0.929280,0.925490,0.928130,0.923464,0.938086
21.000000,0.932208,0.927054,0.928411,0.924486,0.937461
22.000000,0.935835,0.928805,0.928442,0.925737,0.938086
23.000000,0.937586,0.930118,0.928724,0.926383,0.937461
24.000000,0.935960,0.930931,0.928568,0.927008,0.928705
25.000000,0.933083,0.931181,0.928036,0.927342,0.923702
26.000000,0.932958,0.932583,0.928442,0.928572,0.936836
27.000000,0.931082,0.933458,0.928442,0.929468,0.928705
28.000000,0.931207,0.934396,0.928943,0.929906,0.938086
29.000000,0.933083,0.934522,0.929412,0.930302,0.938086
30.000000,0.936085,0.934584,0.930037,0.930281,0.938712
31.000000,0.935810,0.934384,0.930719,0.930402,0.935460
32.000000,0.937061,0.934071,0.931438,0.930319,0.934959
33.000000,0.937936,0.934572,0.932345,0.930673,0.942464
34.000000,0.936936,0.935009,0.932970,0.930715,0.933083
35.000000,0.936060,0.936073,0.933627,0.930715,0.934334
36.000000,0.936585,0.936198,0.934390,0.931028,0.938086
37.000000,0.936710,0.936886,0.935172,0.931257,0.935585
38.000000,0.936460,0.937198,0.935797,0.931695,0.941213
39.000000,0.938086,0.937511,0.936016,0.932112,0.941213
40.000000,0.939587,0.937824,0.936204,0.932633,0.941839
41.000000,0.942714,0.939650,0.937017,0.933696,0.953721
42.000000,0.947342,0.942026,0.938049,0.934967,0.958724
43.000000,0.950469,0.943465,0.939018,0.936051,0.956848
44.000000,0.953846,0.945966,0.940488,0.937302,0.958099
45.000000,0.956723,0.948155,0.942114,0.938470,0.956223
46.000000,0.958224,0.950469,0.943333,0.939750,0.961226
47.000000,0.958974,0.953158,0.945022,0.941167,0.962477
48.000000,0.960851,0.955660,0.946429,0.942418,0.966229
49.000000,0.962602,0.958224,0.947867,0.943419,0.966854
50.000000,0.965228,0.960976,0.949400,0.944461,0.969356
51.000000,0.968230,0.963227,0.951438,0.945754,0.976235
52.000000,0.969631,0.964303,0.953164,0.946800,0.969481
53.000000,0.969006,0.964928,0.954196,0.947655,0.963102
54.000000,0.968255,0.965428,0.955697,0.948801,0.963102
55.000000,0.968755,0.966992,0.957573,0.950407,0.971857
56.000000,0.967004,0.967617,0.959043,0.951428,0.967480
57.000000,0.967355,0.968493,0.960826,0.952846,0.971232
58.000000,0.967980,0.968493,0.962076,0.953784,0.966229
59.000000,0.973358,0.970807,0.964515,0.955514,0.989994
60.000000,0.969606,0.969181,0.965078,0.955993,0.953096
61.000000,0.966854,0.966929,0.965078,0.956602,0.953721
62.000000,0.960475,0.963915,0.964109,0.956748,0.939337
63.000000,0.957724,0.962852,0.963890,0.957082,0.952470
64.000000,0.947717,0.960538,0.962983,0.957311,0.939962
65.000000,0.945591,0.957598,0.962295,0.957582,0.942464
66.000000,0.943965,0.955410,0.961513,0.957832,0.945591
67.000000,0.948843,0.954659,0.961576,0.958770,0.963727
68.000000,0.952220,0.954972,0.961732,0.959708,0.969356
69.000000,0.957473,0.952595,0.961701,0.960542,0.966229
70.000000,0.955597,0.950594,0.959887,0.960250,0.933083
71.000000,0.957724,0.950844,0.958887,0.960334,0.956223
72.000000,0.953346,0.951094,0.957505,0.959771,0.941839
73.000000,0.949969,0.951094,0.956973,0.959625,0.952470
74.000000,0.949218,0.953346,0.956942,0.959771,0.962477
75.000000,0.958974,0.957286,0.957442,0.960625,0.981864
76.000000,0.963352,0.960538,0.957974,0.961188,0.978111
77.000000,0.970732,0.962039,0.958349,0.961730,0.978737
78.000000,0.976235,0.963102,0.959037,0.962189,0.979987
79.000000,0.979737,0.964478,0.958537,0.962627,0.979987
80.000000,0.980238,0.969606,0.960100,0.963127,0.984365
81.000000,0.982864,0.973108,0.961976,0.963627,0.991245
82.000000,0.979112,0.974922,0.963008,0.963310,0.959975
83.000000,0.980113,0.978174,0.964634,0.964040,0.984991
84.000000,0.979862,0.979800,0.966573,0.964561,0.978737
85.000000,0.979862,0.980050,0.968668,0.964978,0.984365
86.000000,0.979862,0.981363,0.970951,0.965770,0.991245
87.000000,0.985241,0.982176,0.972108,0.966291,0.986867
88.000000,0.983865,0.981989,0.972545,0.966688,0.978111
89.000000,0.982614,0.981238,0.972858,0.966104,0.972483
90.000000,0.980238,0.980050,0.974828,0.966750,0.972483
91.000000,0.979362,0.979612,0.976360,0.967855,0.986867
92.000000,0.979487,0.982364,0.978643,0.969460,0.987492
93.000000,0.981614,0.982739,0.980457,0.970669,0.988743
94.000000,0.984240,0.983427,0.981614,0.972191,0.985616
95.000000,0.987242,0.983740,0.981895,0.973692,0.987492
96.000000,0.989243,0.984303,0.982833,0.975401,0.996873
97.000000,0.986992,0.983240,0.982708,0.975818,0.976235
98.000000,0.985616,0.983615,0.982802,0.976235,0.981864
99.000000,0.987867,0.986054,0.983646,0.977257,0.996873
100.000000,0.986742,0.986992,0.983521,0.978883,0.981864
101.000000,0.983490,0.986366,0.982989,0.979696,0.980613
102.000000,0.982489,0.984740,0.983552,0.980675,0.971232
103.000000,0.978612,0.982114,0.982427,0.981009,0.962477
104.000000,0.972858,0.980363,0.981895,0.981197,0.968105
105.000000,0.973483,0.980113,0.981926,0.981301,0.984991
106.000000,0.971482,0.977486,0.980894,0.981051,0.970607
107.000000,0.972108,0.977298,0.980269,0.980905,0.974359
108.000000,0.976610,0.977611,0.980613,0.981072,0.984991
109.000000,0.978487,0.975672,0.980863,0.980988,0.977486
110.000000,0.976360,0.974922,0.980957,0.980655,0.974359
111.000000,0.976986,0.974234,0.980300,0.980071,0.973734
112.000000,0.978987,0.975547,0.980144,0.980884,0.984365
113.000000,0.976235,0.976423,0.979268,0.980425,0.971232
114.000000,0.979987,0.979237,0.979800,0.981009,0.996248
115.000000,0.985116,0.980738,0.980425,0.981530,1.000000
116.000000,0.985116,0.981051,0.979268,0.980946,0.973734
117.000000,0.980738,0.979862,0.978580,0.980133,0.962477
118.000000,0.965979,0.971107,0.974359,0.977444,0.897436
119.000000,0.950969,0.965478,0.970575,0.975735,0.921201
120.000000,0.939712,0.962414,0.968668,0.974776,0.943715
121.000000,0.933333,0.959225,0.966729,0.973275,0.941839
122.000000,0.928705,0.954722,0.965134,0.971670,0.939337
123.000000,0.946216,0.956098,0.966260,0.971545,0.984991
124.000000,0.959600,0.955285,0.967261,0.971628,0.988118
125.000000,0.962351,0.951032,0.965885,0.970627,0.957473
126.000000,0.971482,0.952408,0.966729,0.970315,0.987492
127.000000,0.981113,0.954909,0.967386,0.970690,0.987492
128.000000,0.978487,0.962351,0.966729,0.970356,0.971857
129.000000,0.978987,0.969293,0.967386,0.970148,0.990619
130.000000,0.985116,0.973734,0.968074,0.970356,0.988118
131.000000,0.984365,0.977924,0.968574,0.970461,0.983740
132.000000,0.982614,0.981864,0.968293,0.970711,0.978737
133.000000,0.985991,0.982239,0.969168,0.971586,0.988743
134.000000,0.982739,0.980863,0.968074,0.971795,0.974359
135.000000,0.982864,0.983990,0.967511,0.971920,0.988743
136.000000,0.981989,0.983177,0.967792,0.972212,0.979362
137.000000,0.981238,0.981926,0.968418,0.972233,0.974984
138.000000,0.980863,0.983427,0.972889,0.972295,0.986867
139.000000,0.979237,0.980988,0.975141,0.971920,0.966229
140.000000,0.977236,0.980050,0.976892,0.972066,0.978737
141.000000,0.976110,0.979049,0.978487,0.972066,0.973734
142.000000,0.977111,0.979174,0.980519,0.971920,0.979987
143.000000,0.975360,0.978111,0.980175,0.972149,0.978111
144.000000,0.980238,0.979737,0.980300,0.971962,0.990619
145.000000,0.982739,0.979987,0.981989,0.971670,0.991245
146.000000,0.983990,0.980050,0.981614,0.971878,0.979987
147.000000,0.983990,0.980550,0.981238,0.972462,0.979987
148.000000,0.980238,0.977799,0.980613,0.974526,0.959350
149.000000,0.973233,0.976735,0.978862,0.975672,0.955597
150.000000,0.960350,0.971545,0.975797,0.975109,0.926829
151.000000,0.950594,0.967292,0.973171,0.974755,0.931207
152.000000,0.938837,0.961413,0.970294,0.974151,0.921201
153.000000,0.939087,0.959662,0.968887,0.973338,0.960600
154.000000,0.940588,0.956911,0.968324,0.972504,0.963102
155.000000,0.940338,0.950344,0.965166,0.971440,0.925578
156.000000,0.938587,0.944590,0.962320,0.969272,0.922452
157.000000,0.938962,0.938899,0.959725,0.967125,0.923077
158.000000,0.930832,0.934959,0.956379,0.965395,0.919950
159.000000,0.926079,0.933333,0.955034,0.963686,0.939337
160.000000,0.926079,0.933208,0.952376,0.961601,0.925578
161.000000,0.933458,0.936023,0.951657,0.960788,0.959350
162.000000,0.940338,0.939650,0.950532,0.960079,0.957473
163.000000,0.947467,0.939149,0.949406,0.958974,0.955597
164.000000,0.948093,0.937086,0.946998,0.957911,0.942464
165.000000,0.951345,0.938712,0.944528,0.956348,0.941839
166.000000,0.949593,0.941526,0.943058,0.955389,0.950594
167.000000,0.946967,0.943652,0.941276,0.954367,0.944340
168.000000,0.944966,0.946216,0.940588,0.952991,0.945591
169.000000,0.945841,0.946967,0.940150,0.952345,0.946842
170.000000,0.947092,0.949218,0.941213,0.951324,0.948093
171.000000,0.944715,0.947154,0.941588,0.950156,0.938712
172.000000,0.947342,0.947154,0.943402,0.949406,0.957473
173.000000,0.951157,0.948061,0.943605,0.948958,0.964665
174.000000,0.957161,0.951501,0.944293,0.948499,0.976861
175.000000,0.961163,0.954128,0.946420,0.947728,0.968105
176.000000,0.967917,0.956316,0.948921,0.947478,0.972483
177.000000,0.973046,0.960194,0.951923,0.947582,0.983114
178.000000,0.977361,0.964259,0.955238,0.948478,0.986241
179.000000,0.975860,0.966510,0.956739,0.948937,0.969356
180.000000,0.973609,0.967386,0.958302,0.949937,0.956848
181.000000,0.969731,0.968824,0.957989,0.950667,0.953096
182.000000,0.964353,0.968699,0.957927,0.951834,0.956223
183.000000,0.959850,0.968605,0.958333,0.951939,0.963727
184.000000,0.957974,0.966917,0.959209,0.951834,0.959975
185.000000,0.956848,0.965228,0.959678,0.952689,0.951220
186.000000,0.956473,0.963102,0.959709,0.953648,0.951220
187.000000,0.954096,0.959225,0.959709,0.954357,0.944340
188.000000,0.953096,0.956473,0.960366,0.955649,0.958724
189.000000,0.949093,0.953533,0.960022,0.955670,0.939962
190.000000,0.943965,0.950407,0.958896,0.955670,0.925578
191.000000,0.940963,0.948718,0.958771,0.954899,0.936210
192.000000,0.937961,0.946029,0.957364,0.953961,0.929331
193.000000,0.931457,0.942276,0.955441,0.952981,0.926204
194.000000,0.926454,0.937774,0.952345,0.952064,0.914947
195.000000,0.926329,0.935147,0.950188,0.951501,0.924953
196.000000,0.923327,0.932145,0.947624,0.950521,0.921201
197.000000,0.922702,0.930331,0.944778,0.949917,0.926204
198.000000,0.923202,0.927330,0.941901,0.949354,0.928705
199.000000,0.928831,0.927642,0.940588,0.949229,0.943089
200.000000,0.934084,0.930206,0.940306,0.949333,0.951220
201.000000,0.942589,0.932958,0.940838,0.950167,0.963727
202.000000,0.947717,0.935210,0.940619,0.949979,0.951845
203.000000,0.953096,0.938149,0.940213,0.949677,0.955597
204.000000,0.954472,0.941651,0.939712,0.948780,0.949969
205.000000,0.955597,0.944841,0.939994,0.948405,0.956848
206.000000,0.956723,0.949656,0.940901,0.948301,0.969356
207.000000,0.960976,0.954346,0.942339,0.947967,0.973108
208.000000,0.964478,0.958787,0.943058,0.947530,0.973108
209.000000,0.966354,0.960413,0.944028,0.947196,0.959350
210.000000,0.967730,0.961664,0.945935,0.947425,0.963727
211.000000,0.968230,0.962477,0.947717,0.948051,0.971857
212.000000,0.964853,0.962914,0.949062,0.948051,0.956223
213.000000,0.962351,0.963415,0.950782,0.947947,0.960600
214.000000,0.963727,0.965041,0.953346,0.948155,0.966229
215.000000,0.963102,0.965416,0.955128,0.948468,0.960600
216.000000,0.965604,0.966917,0.958286,0.949573,0.984365
217.000000,0.968605,0.966729,0.960538,0.950469,0.971232
218.000000,0.972233,0.967292,0.963039,0.951136,0.978737
219.000000,0.969106,0.966417,0.963415,0.951491,0.950594
220.000000,0.962727,0.962914,0.962289,0.951595,0.928705
221.000000,0.949719,0.957661,0.960069,0.951032,0.919325
222.000000,0.939337,0.953971,0.958443,0.950698,0.919325
223.000000,0.930081,0.951157,0.957286,0.950907,0.932458
224.000000,0.926204,0.947655,0.956348,0.951449,0.931207
225.000000,0.928080,0.945403,0.955410,0.951887,0.938086
226.000000,0.934209,0.941964,0.954440,0.952846,0.949969
227.000000,0.941588,0.940463,0.953596,0.953846,0.956223
228.000000,0.946592,0.938336,0.952814,0.954805,0.957473
229.000000,0.951845,0.939024,0.952720,0.955285,0.957473
230.000000,0.957724,0.942902,0.952908,0.955827,0.967480
231.000000,0.954472,0.944340,0.951001,0.954826,0.933709
232.000000,0.947592,0.944590,0.949281,0.953825,0.921826
233.000000,0.939962,0.943277,0.947217,0.952616,0.919325
234.000000,0.932208,0.942026,0.944841,0.951574,0.918699
235.000000,0.926954,0.942339,0.943871,0.951053,0.941213
236.000000,0.926079,0.940275,0.941119,0.949719,0.929331
237.000000,0.929831,0.938712,0.939587,0.948635,0.940588
238.000000,0.933834,0.936898,0.937617,0.947509,0.939337
239.000000,0.936585,0.934396,0.936710,0.946612,0.932458
240.000000,0.934959,0.930957,0.936929,0.945591,0.933083
241.000000,0.936836,0.931457,0.937899,0.944486,0.938712
242.000000,0.932833,0.931332,0.937961,0.943298,0.920575
243.000000,0.929581,0.931707,0.937492,0.942047,0.923077
244.000000,0.927455,0.932020,0.937023,0.940567,0.921826
245.000000,0.929081,0.932020,0.937179,0.939921,0.941213
246.000000,0.930957,0.933896,0.937086,0.938712,0.948093
247.000000,0.935710,0.934271,0.936492,0.937815,0.944340
248.000000,0.940838,0.935210,0.936054,0.936815,0.948718
249.000000,0.944715,0.936085,0.935241,0.936502,0.941213
250.000000,0.944715,0.936898,0.933927,0.936919,0.941213
251.000000,0.944090,0.937523,0.934490,0.937774,0.944966
252.000000,0.940963,0.938336,0.934834,0.938086,0.928705
253.000000,0.940963,0.940901,0.936304,0.938628,0.948718
254.000000,0.938962,0.941839,0.936929,0.938628,0.931207
255.000000,0.937461,0.941088,0.936554,0.938482,0.933709
256.000000,0.932333,0.938211,0.936054,0.937461,0.919325
257.000000,0.928330,0.934647,0.934459,0.935877,0.908693
258.000000,0.920951,0.930957,0.933083,0.934355,0.911820
259.000000,0.915697,0.927330,0.931707,0.932604,0.904941
260.000000,0.912195,0.924828,0.930863,0.930894,0.916198
261.000000,0.910694,0.921513,0.929518,0.930165,0.911820
262.000000,0.910944,0.919637,0.928987,0.929769,0.909944
263.000000,0.910069,0.915510,0.928205,0.929373,0.907442
264.000000,0.913571,0.914634,0.928236,0.929498,0.922452
265.000000,0.915447,0.913821,0.927455,0.928976,0.925578
266.000000,0.916073,0.913383,0.925797,0.928497,0.914947
267.000000,0.916323,0.913634,0.924140,0.927517,0.911194
268.000000,0.917448,0.913759,0.922358,0.926642,0.913071
269.000000,0.918949,0.916260,0.921795,0.926558,0.929956
270.000000,0.917949,0.916698,0.920763,0.926141,0.920575
271.000000,0.919325,0.917699,0.919606,0.925578,0.921826
272.000000,0.922201,0.919262,0.919450,0.925745,0.925578
273.000000,0.919575,0.918512,0.917011,0.924974,0.899937
274.000000,0.914822,0.916886,0.915760,0.924453,0.906191
275.000000,0.908818,0.913383,0.913602,0.922764,0.890557
276.000000,0.902939,0.911132,0.912258,0.920909,0.892433
277.000000,0.898937,0.910569,0.912101,0.919616,0.905566
278.000000,0.900563,0.910069,0.911914,0.918261,0.908068
279.000000,0.902189,0.908505,0.912383,0.917365,0.914321
280.000000,0.905691,0.907255,0.911976,0.916260,0.908068
281.000000,0.913071,0.908005,0.912852,0.915739,0.929331
282.000000,0.917073,0.908005,0.913634,0.915635,0.925578
283.000000,0.923702,0.912133,0.915322,0.915385,0.941213
284.000000,0.928580,0.915385,0.916135,0.915635,0.938712
285.000000,0.934459,0.920075,0.916729,0.915760,0.937461
286.000000,0.936210,0.924640,0.917886,0.916385,0.938086
287.000000,0.939212,0.928143,0.919356,0.917448,0.940588
288.000000,0.933333,0.928518,0.919293,0.917448,0.911820
289.000000,0.928831,0.928705,0.918605,0.917824,0.916198
290.000000,0.928205,0.931332,0.919293,0.918428,0.934334
291.000000,0.925328,0.930769,0.919387,0.918824,0.923702
292.000000,0.919199,0.929206,0.918605,0.918824,0.909944
293.000000,0.916823,0.925078,0.918605,0.918574,0.899937
294.000000,0.909944,0.919387,0.917386,0.917219,0.881801
295.000000,0.901563,0.914884,0.917480,0.916114,0.892433
296.000000,0.895059,0.910194,0.917417,0.915322,0.891182
297.000000,0.889306,0.904253,0.916198,0.914321,0.881176
298.000000,0.887054,0.901939,0.915228,0.913508,0.888680
299.000000,0.889681,0.899812,0.914259,0.912341,0.894934
300.000000,0.889681,0.895622,0.913477,0.911403,0.892433
301.000000,0.890432,0.892745,0.911757,0.910507,0.894934
302.000000,0.892558,0.890932,0.910069,0.909381,0.891807
303.000000,0.890306,0.888680,0.906879,0.908630,0.877423
304.000000,0.887305,0.888493,0.903940,0.907755,0.879925
305.000000,0.884553,0.887117,0.901001,0.907359,0.878674
306.000000,0.883677,0.887054,0.898624,0.907296,0.890557
307.000000,0.882051,0.887305,0.895779,0.906567,0.883677
308.000000,0.884428,0.887367,0.894653,0.905941,0.889306
309.000000,0.883802,0.885553,0.892683,0.904690,0.876798
310.000000,0.884053,0.884303,0.889962,0.903752,0.879925
311.000000,0.882301,0.882989,0.887867,0.902168,0.881801
312.000000,0.881551,0.881801,0.886366,0.900646,0.879925
313.000000,0.879675,0.882051,0.885366,0.898603,0.879925
314.000000,0.880425,0.882114,0.885303,0.896665,0.880550
315.000000,0.880801,0.882427,0.884772,0.894809,0.881801
316.000000,0.879300,0.880801,0.883927,0.892683,0.874296
317.000000,0.875797,0.878674,0.882989,0.890077,0.862414
318.000000,0.873671,0.876673,0.882020,0.888660,0.869293
319.000000,0.872420,0.876423,0.880988,0.887263,0.874296
320.000000,0.868793,0.874797,0.879550,0.884907,0.863665
321.000000,0.865541,0.872420,0.877705,0.882718,0.858036
322.000000,0.863665,0.869731,0.875766,0.880821,0.853033
323.000000,0.857161,0.865416,0.873734,0.878716,0.836773
324.000000,0.850657,0.861538,0.871826,0.877382,0.841776
325.000000,0.846654,0.857724,0.870075,0.875756,0.843652
326.000000,0.844653,0.855097,0.867949,0.874317,0.848030
327.000000,0.843277,0.853471,0.866073,0.873150,0.846154
328.000000,0.844903,0.851032,0.863852,0.871691,0.844903
329.000000,0.846779,0.848718,0.862570,0.870231,0.851157
330.000000,0.847280,0.846967,0.860882,0.868689,0.846154
331.000000,0.845278,0.844966,0.858693,0.866792,0.838024
332.000000,0.844653,0.843965,0.856848,0.865166,0.843027
333.000000,0.846279,0.845591,0.855503,0.864353,0.853033
334.000000,0.845153,0.845966,0.853752,0.863206,0.845528
335.000000,0.846279,0.846779,0.852251,0.862310,0.851782
336.000000,0.848405,0.846842,0.850969,0.860913,0.848655
337.000000,0.847655,0.846154,0.849812,0.859433,0.839275
338.000000,0.844153,0.845216,0.848124,0.857640,0.835522
339.000000,0.841526,0.843340,0.846029,0.856160,0.832395
340.000000,0.838149,0.842214,0.844590,0.854659,0.834897
341.000000,0.836773,0.842589,0.843777,0.853325,0.841776
342.000000,0.837148,0.842402,0.843183,0.852033,0.841151
343.000000,0.836148,0.840150,0.842871,0.850386,0.830519
344.000000,0.833646,0.837586,0.841776,0.848364,0.819887
345.000000,0.832020,0.835084,0.840932,0.846529,0.826767
346.000000,0.832896,0.834834,0.840838,0.845591,0.846154
347.000000,0.836273,0.836710,0.841432,0.845445,0.858036
348.000000,0.841901,0.839024,0.842120,0.845091,0.858662
349.000000,0.850782,0.842214,0.842777,0.844757,0.864290
350.000000,0.858912,0.845466,0.843840,0.844882,0.867417
351.000000,0.864665,0.848780,0.845685,0.845445,0.874922
352.000000,0.866542,0.851407,0.846904,0.845925,0.867417
353.000000,0.867292,0.854597,0.847373,0.846779,0.862414
354.000000,0.867667,0.859225,0.848405,0.847592,0.866166
355.000000,0.864665,0.861789,0.848437,0.847884,0.852408
356.000000,0.858787,0.861726,0.848280,0.847801,0.845528
357.000000,0.854784,0.860663,0.848687,0.847842,0.847405
358.000000,0.854284,0.860788,0.849906,0.848343,0.859912
359.000000,0.853158,0.860413,0.851313,0.848655,0.860538
360.000000,0.856785,0.860725,0.853096,0.849468,0.870544
361.000000,0.862914,0.860851,0.854816,0.850740,0.876173
362.000000,0.868793,0.861789,0.856598,0.851866,0.876798
363.000000,0.876423,0.865353,0.859975,0.853367,0.898061
364.000000,0.883802,0.868480,0.863852,0.855097,0.897436
365.000000,0.891182,0.873984,0.867886,0.856952,0.907442
366.000000,0.899312,0.881113,0.871420,0.859225,0.916823
367.000000,0.902814,0.885804,0.873233,0.861059,0.894309
368.000000,0.902064,0.889243,0.875016,0.863019,0.894309
369.000000,0.900938,0.892370,0.876391,0.864999,0.891807
370.000000,0.895184,0.893183,0.876954,0.866458,0.878674
371.000000,0.887430,0.893371,0.877111,0.867667,0.878049
372.000000,0.882927,0.892871,0.877330,0.868689,0.871795
373.000000,0.882552,0.892308,0.878831,0.870753,0.892433
374.000000,0.884303,0.892620,0.880550,0.873442,0.900563
375.000000,0.887430,0.891307,0.882645,0.875693,0.894309
376.000000,0.890557,0.888993,0.885053,0.877277,0.893684
377.000000,0.895184,0.889056,0.887430,0.878507,0.894934
378.000000,0.894809,0.888680,0.888962,0.879571,0.890557
379.000000,0.892308,0.888305,0.890338,0.880363,0.888055
380.000000,0.888305,0.887867,0.890525,0.880592,0.874296
381.000000,0.885804,0.888180,0.890775,0.880801,0.881176
382.000000,0.881926,0.888555,0.890713,0.881072,0.875547
383.000000,0.878799,0.886804,0.889556,0.881488,0.874922
384.000000,0.878674,0.885491,0.889056,0.882197,0.887430
385.000000,0.881301,0.884803,0.888055,0.883365,0.887430
386.000000,0.881801,0.883802,0.886398,0.884636,0.883677
387.000000,0.883177,0.882552,0.885804,0.885804,0.882427
388.000000,0.888055,0.883427,0.886054,0.887117,0.899312
389.000000,0.886429,0.882552,0.885428,0.887742,0.879300
390.000000,0.885303,0.883302,0.885585,0.888118,0.881801
391.000000,0.884428,0.883114,0.885647,0.888222,0.879300
392.000000,0.884678,0.883927,0.886241,0.888451,0.883677
393.000000,0.883052,0.885553,0.886179,0.888222,0.891182
394.000000,0.885053,0.885741,0.885616,0.887951,0.889306
395.000000,0.885428,0.885366,0.885084,0.887159,0.883677
396.000000,0.886554,0.885491,0.884647,0.886095,0.884928
397.000000,0.883552,0.884115,0.883333,0.885241,0.868668
398.000000,0.879049,0.881051,0.882239,0.884386,0.868668
399.000000,0.878799,0.881926,0.882239,0.884261,0.888055
400.000000,0.874797,0.880113,0.881707,0.883761,0.863665
401.000000,0.874171,0.880363,0.881739,0.883886,0.881801
402.000000,0.873796,0.878674,0.881301,0.883719,0.866792
403.000000,0.876423,0.877736,0.881645,0.883365,0.881801
404.000000,0.876048,0.877423,0.881582,0.882885,0.886179
405.000000,0.880675,0.877736,0.881551,0.882635,0.886804
406.000000,0.881176,0.877674,0.881582,0.882322,0.884303
407.000000,0.884303,0.879049,0.881582,0.881905,0.882427
408.000000,0.884928,0.880675,0.880863,0.881718,0.884928
409.000000,0.887305,0.881676,0.881801,0.882051,0.898061
410.000000,0.887930,0.884303,0.882208,0.882572,0.889931
411.000000,0.891807,0.886492,0.883427,0.883323,0.903690
412.000000,0.895435,0.889869,0.884271,0.884157,0.900563
413.000000,0.898437,0.891682,0.884709,0.884991,0.899937
414.000000,0.898186,0.892745,0.885084,0.885303,0.896811
415.000000,0.900063,0.893996,0.885866,0.885699,0.899312
416.000000,0.899937,0.895872,0.886773,0.886346,0.903064
417.000000,0.899687,0.897561,0.888305,0.886908,0.899312
418.000000,0.900688,0.899562,0.890119,0.887096,0.904941
419.000000,0.901313,0.899750,0.890713,0.887784,0.899937
420.000000,0.902314,0.901188,0.892745,0.888535,0.904315
421.000000,0.902814,0.901376,0.893934,0.889410,0.905566
422.000000,0.903315,0.901501,0.895685,0.890015,0.901814
423.000000,0.902439,0.901563,0.896623,0.890327,0.900563
424.000000,0.901725,0.901519,0.897132,0.890563,0.896366
425.000000,0.900474,0.901394,0.897695,0.891042,0.898061
426.000000,0.897847,0.900331,0.898102,0.891292,0.892433
427.000000,0.893845,0.898580,0.898070,0.891730,0.881801
428.000000,0.892594,0.897517,0.898539,0.892585,0.894309
429.000000,0.891807,0.896766,0.898258,0.892731,0.892433
430.000000,0.890119,0.895296,0.898242,0.893596,0.889619
431.000000,0.889493,0.893670,0.897523,0.893846,0.889306
432.000000,0.890494,0.892169,0.896835,0.894513,0.886804
433.000000,0.887742,0.890168,0.895866,0.894471,0.880550
434.000000,0.883114,0.887461,0.894490,0.893908,0.869293
435.000000,0.877674,0.883896,0.892645,0.893095,0.862414
436.000000,0.870294,0.879894,0.890112,0.892032,0.852408
437.000000,0.865666,0.878080,0.888330,0.891407,0.863665
438.000000,0.861538,0.874640,0.886078,0.890573,0.859912
439.000000,0.853408,0.868261,0.882514,0.888259,0.828643
440.000000,0.848655,0.863164,0.879230,0.886550,0.838649
441.000000,0.846404,0.858349,0.876010,0.884465,0.841151
442.000000,0.844465,0.855066,0.873618,0.882912,0.853971
443.000000,0.843340,0.852439,0.871304,0.881390,0.854284
444.000000,0.843840,0.848624,0.868043,0.879201,0.831144
445.000000,0.840963,0.844809,0.864353,0.876700,0.824265
446.000000,0.838336,0.842370,0.861132,0.874198,0.828018
447.000000,0.832020,0.838243,0.858161,0.871634,0.822389
448.000000,0.823014,0.833177,0.853909,0.868445,0.809256
449.000000,0.815009,0.829425,0.848843,0.864817,0.791119
450.000000,0.804753,0.822858,0.843011,0.860440,0.772983
451.000000,0.797874,0.818105,0.838227,0.856708,0.793621
452.000000,0.798374,0.815197,0.835131,0.854144,0.824891
453.000000,0.798999,0.811007,0.831723,0.851205,0.812383
454.000000,0.805128,0.810069,0.829346,0.848718,0.821764
455.000000,0.813759,0.809256,0.827033,0.845987,0.816135
456.000000,0.814259,0.806066,0.824218,0.842777,0.796123
457.000000,0.808380,0.803377,0.820810,0.839900,0.795497
458.000000,0.803877,0.801438,0.817308,0.836419,0.789869
459.000000,0.797749,0.801438,0.815432,0.833041,0.791119
460.000000,0.794371,0.804065,0.813462,0.830029,0.799250
461.000000,0.796248,0.805253,0.811679,0.827236,0.805503
462.000000,0.798124,0.803252,0.809225,0.824505,0.804878
463.000000,0.802752,0.803315,0.807161,0.822253,0.813008
464.000000,0.805629,0.801689,0.805879,0.820127,0.805503
465.000000,0.807630,0.801001,0.805128,0.818355,0.809256
466.000000,0.807630,0.801939,0.804003,0.816792,0.805503
467.000000,0.809006,0.803565,0.803471,0.815061,0.811757
468.000000,0.808505,0.805629,0.803533,0.813415,0.810507
469.000000,0.803877,0.804753,0.803096,0.811872,0.782364
470.000000,0.796998,0.802314,0.803189,0.809746,0.774859
471.000000,0.792495,0.800063,0.802658,0.807807,0.782989
472.000000,0.787992,0.798499,0.800876,0.805649,0.789243
473.000000,0.783865,0.796185,0.799750,0.803502,0.789869
474.000000,0.784240,0.794059,0.797874,0.801939,0.784240
475.000000,0.783740,0.790369,0.795685,0.800208,0.772358
476.000000,0.784365,0.788430,0.795184,0.798812,0.786116
477.000000,0.782364,0.785178,0.794371,0.797373,0.779237
478.000000,0.778361,0.781113,0.793371,0.796060,0.769856
479.000000,0.776360,0.780300,0.792527,0.795497,0.774234
480.000000,0.774484,0.779112,0.790713,0.795164,0.762977
481.000000,0.772983,0.778674,0.789368,0.794663,0.778612
482.000000,0.770356,0.776360,0.787430,0.792704,0.766104
483.000000,0.769356,0.773859,0.785022,0.791119,0.764853
484.000000,0.766229,0.771295,0.782677,0.789014,0.758599
485.000000,0.767980,0.771232,0.780801,0.787534,0.771732
486.000000,0.764478,0.768730,0.778580,0.786366,0.761101
487.000000,0.757473,0.763915,0.774547,0.784219,0.731082
488.000000,0.750844,0.760100,0.770607,0.782281,0.731707
489.000000,0.745779,0.756004,0.768152,0.780352,0.733271
490.000000,0.737523,0.752752,0.765932,0.778059,0.730457
491.000000,0.729769,0.747123,0.762899,0.775287,0.722326
492.000000,0.729268,0.743371,0.759866,0.772743,0.728580
493.000000,0.727142,0.738993,0.756426,0.769679,0.721076
494.000000,0.722702,0.734240,0.752767,0.766531,0.711069
495.000000,0.721701,0.729612,0.750422,0.763738,0.725453
496.000000,0.723077,0.726423,0.747577,0.761194,0.729206
497.000000,0.719825,0.724547,0.744231,0.757880,0.712320
498.000000,0.722827,0.724984,0.742542,0.755399,0.736085
499.000000,0.727955,0.725328,0.740666,0.753877,0.736710
500.000000,0.729894,0.725797,0.739275,0.752554,0.735147
501.000000,0.729268,0.726173,0.736648,0.750657,0.726079
502.000000,0.731645,0.725735,0.734553,0.748489,0.724203
503.000000,0.728893,0.725860,0.732427,0.746237,0.722326
504.000000,0.728018,0.727986,0.731113,0.744507,0.732333
505.000000,0.727705,0.728799,0.729206,0.743215,0.733583
506.000000,0.729081,0.729174,0.727799,0.741443,0.732958
507.000000,0.732333,0.731989,0.728268,0.740150,0.740463
508.000000,0.735835,0.732364,0.728674,0.739149,0.739837
509.000000,0.736961,0.732489,0.728909,0.737940,0.737961
510.000000,0.736585,0.732145,0.728971,0.736898,0.731707
511.000000,0.734834,0.731957,0.729065,0.735084,0.724203
512.000000,0.729456,0.730894,0.728315,0.733333,0.713571
513.000000,0.723327,0.729581,0.727720,0.731478,0.709193
514.000000,0.717323,0.727142,0.727564,0.729789,0.707942
515.000000,0.712445,0.724515,0.726657,0.727642,0.707317
516.000000,0.709318,0.722076,0.725625,0.725891,0.708568
517.000000,0.707942,0.718699,0.725344,0.725078,0.706692
518.000000,0.707817,0.715572,0.723968,0.724307,0.708568
519.000000,0.708568,0.712946,0.722717,0.723588,0.711695
520.000000,0.709197,0.710821,0.721483,0.722921,0.710463
521.000000,0.710573,0.709946,0.720952,0.722692,0.715447
522.000000,0.711448,0.709695,0.720295,0.722108,0.711069
523.000000,0.710448,0.709133,0.719357,0.721524,0.703565
524.000000,0.710198,0.709383,0.718262,0.721504,0.710444
525.000000,0.712946,0.711071,0.717793,0.721462,0.724203
526.000000,0.715697,0.713135,0.717606,0.721462,0.729206
527.000000,0.721076,0.716262,0.717481,0.722317,0.737961
528.000000,0.729331,0.719889,0.717731,0.722609,0.744841
529.000000,0.735710,0.722954,0.717950,0.722796,0.742339
530.000000,0.740213,0.726579,0.718700,0.723182,0.746717
531.000000,0.743465,0.729581,0.719763,0.723828,0.745466
532.000000,0.746029,0.733552,0.721624,0.724714,0.750782
533.000000,0.749031,0.739181,0.724157,0.725965,0.759850
534.000000,0.753033,0.744371,0.726877,0.726965,0.762351
535.000000,0.756911,0.748562,0.729816,0.728049,0.766104
536.000000,0.760288,0.751876,0.732506,0.729029,0.762351
537.000000,0.763477,0.754753,0.735508,0.729905,0.766729
538.000000,0.764603,0.756817,0.738353,0.730759,0.765478
539.000000,0.767104,0.760069,0.741511,0.731989,0.774859
540.000000,0.767355,0.762133,0.744356,0.733178,0.767355
541.000000,0.769106,0.764697,0.747139,0.734741,0.771107
542.000000,0.770732,0.767104,0.750328,0.736784,0.774859
543.000000,0.772108,0.768355,0.753768,0.738890,0.772358
544.000000,0.774234,0.770669,0.757520,0.741474,0.785491
545.000000,0.778236,0.772795,0.760679,0.744143,0.787367
546.000000,0.781989,0.775547,0.763712,0.746853,0.789869
547.000000,0.786492,0.778612,0.766682,0.749876,0.797373
548.000000,0.792370,0.782239,0.769528,0.752982,0.801751
549.000000,0.795247,0.784740,0.772405,0.755921,0.799875
550.000000,0.799124,0.788680,0.775407,0.759131,0.806754
551.000000,0.801751,0.791870,0.778283,0.762049,0.803002
552.000000,0.802877,0.794684,0.780894,0.765114,0.803002
553.000000,0.803002,0.797686,0.783021,0.768407,0.802376
554.000000,0.803377,0.799312,0.784991,0.771451,0.801751
555.000000,0.798749,0.798937,0.785866,0.773431,0.783615
556.000000,0.793996,0.797874,0.786710,0.775099,0.779237
557.000000,0.790494,0.796685,0.787649,0.776683,0.785491
558.000000,0.788493,0.795747,0.788993,0.778268,0.792370
559.000000,0.786116,0.794747,0.789744,0.779852,0.789869
560.000000,0.787867,0.793308,0.790994,0.781374,0.792370
561.000000,0.789619,0.791807,0.791839,0.782791,0.787992
562.000000,0.790369,0.790432,0.792558,0.784073,0.789243
563.000000,0.791370,0.789931,0.793809,0.785324,0.797373
564.000000,0.788743,0.787430,0.793371,0.785804,0.776735
565.000000,0.787242,0.787555,0.793246,0.786429,0.784866
566.000000,0.787242,0.788430,0.793152,0.787284,0.787992
567.000000,0.787867,0.789118,0.792902,0.788138,0.792370
568.000000,0.787117,0.789243,0.792495,0.789077,0.793621
569.000000,0.789368,0.789056,0.791901,0.789514,0.787992
570.000000,0.790494,0.788868,0.791088,0.790286,0.790494
571.000000,0.792370,0.789806,0.790807,0.791161,0.797373
572.000000,0.792370,0.790119,0.790275,0.791745,0.792370
573.000000,0.793246,0.790181,0.790056,0.792600,0.797999
574.000000,0.794497,0.791932,0.789681,0.792891,0.794246
575.000000,0.795622,0.793058,0.790306,0.793183,0.796123
576.000000,0.794121,0.793246,0.790838,0.793183,0.789869
577.000000,0.794246,0.793308,0.791213,0.793037,0.792996
578.000000,0.793621,0.793433,0.791338,0.792808,0.794872
579.000000,0.793621,0.794059,0.791557,0.792620,0.794246
580.000000,0.792683,0.794153,0.791510,0.792110,0.791432
581.000000,0.793558,0.793840,0.791823,0.791818,0.794246
582.000000,0.793308,0.793777,0.791948,0.791443,0.791745
583.000000,0.793558,0.793590,0.791886,0.791234,0.796123
584.000000,0.794059,0.793840,0.792886,0.791067,0.796748
585.000000,0.795247,0.793965,0.793512,0.791526,0.797373
586.000000,0.795872,0.794715,0.793981,0.792130,0.797373
587.000000,0.797498,0.795403,0.794356,0.792610,0.799875
588.000000,0.798499,0.796029,0.794731,0.792902,0.801126
589.000000,0.800500,0.797280,0.795669,0.793465,0.806754
590.000000,0.804628,0.799937,0.797045,0.794319,0.818011
591.000000,0.811757,0.803815,0.798827,0.795820,0.833021
592.000000,0.821013,0.809256,0.801517,0.797717,0.846154
593.000000,0.828893,0.813696,0.803643,0.799156,0.840525
594.000000,0.834522,0.817511,0.805675,0.801094,0.834897
595.000000,0.838774,0.821701,0.807833,0.802908,0.839275
596.000000,0.840025,0.825891,0.810303,0.804617,0.839275
597.000000,0.839149,0.830081,0.812742,0.806264,0.841776
598.000000,0.838024,0.833458,0.814744,0.807640,0.834897
599.000000,0.836773,0.835647,0.816463,0.808995,0.828643
600.000000,0.833896,0.836335,0.818136,0.810142,0.824891
601.000000,0.830669,0.835347,0.819581,0.811001,0.823139
602.000000,0.828043,0.833596,0.821426,0.812210,0.828643
603.000000,0.828168,0.833096,0.823396,0.813460,0.835522
604.000000,0.828168,0.832470,0.824991,0.814607,0.828643
605.000000,0.827417,0.830657,0.826179,0.815441,0.821138
606.000000,0.827017,0.828843,0.827367,0.816483,0.821138
607.000000,0.826391,0.827217,0.828649,0.817567,0.825516
608.000000,0.824265,0.826216,0.829837,0.818568,0.824891
609.000000,0.822389,0.825278,0.830463,0.819402,0.819262
610.000000,0.823765,0.825591,0.830963,0.820621,0.828018
611.000000,0.825078,0.826048,0.830697,0.821737,0.827705
612.000000,0.822577,0.824484,0.829040,0.822445,0.813008
613.000000,0.817198,0.820732,0.826914,0.822508,0.797999
614.000000,0.813946,0.818168,0.825319,0.822716,0.803002
615.000000,0.808568,0.816166,0.823412,0.822841,0.801126
616.000000,0.805253,0.815166,0.822004,0.823300,0.811132
617.000000,0.807755,0.815166,0.821191,0.824155,0.825516
618.000000,0.811007,0.814103,0.820159,0.824592,0.814259
619.000000,0.813008,0.813477,0.819378,0.824801,0.813008
620.000000,0.814134,0.811351,0.818471,0.824426,0.806754
621.000000,0.811382,0.808318,0.817183,0.823237,0.797373
622.000000,0.804753,0.806254,0.815369,0.821445,0.792370
623.000000,0.802627,0.806817,0.813774,0.820215,0.803627
624.000000,0.800375,0.806692,0.812430,0.819110,0.801751
625.000000,0.800625,0.807380,0.811773,0.818068,0.808005
626.000000,0.799875,0.805629,0.810397,0.816546,0.793621
627.000000,0.799750,0.802251,0.808709,0.814878,0.791745
628.000000,0.796873,0.799750,0.806926,0.813356,0.789243
629.000000,0.794371,0.797373,0.805425,0.812043,0.789243
630.000000,0.792120,0.796373,0.803862,0.811105,0.796748
631.000000,0.791620,0.795747,0.802033,0.810038,0.791119
632.000000,0.789994,0.794872,0.800563,0.808537,0.783615
633.000000,0.787492,0.792183,0.799500,0.806577,0.776735
634.000000,0.785366,0.789869,0.798280,0.804909,0.778612
635.000000,0.780613,0.786366,0.796873,0.803304,0.772983
636.000000,0.777986,0.784803,0.795216,0.801866,0.777986
637.000000,0.776360,0.783177,0.792714,0.800198,0.775485
638.000000,0.778862,0.783177,0.791463,0.799010,0.789243
639.000000,0.782864,0.784115,0.790744,0.798322,0.798624
640.000000,0.784115,0.782364,0.789368,0.796696,0.779237
641.000000,0.785553,0.781770,0.788759,0.795278,0.785178
642.000000,0.783302,0.779831,0.787351,0.793652,0.764228
643.000000,0.773671,0.776266,0.784225,0.791755,0.741088
644.000000,0.762914,0.772889,0.781379,0.789817,0.744841
645.000000,0.752408,0.768261,0.777314,0.787336,0.726704
646.000000,0.742714,0.764134,0.774468,0.784855,0.736710
647.000000,0.737586,0.760444,0.771811,0.781957,0.738587
648.000000,0.737836,0.755754,0.769465,0.779560,0.742339
649.000000,0.736961,0.749937,0.767026,0.777142,0.740463
650.000000,0.737961,0.745184,0.763774,0.774640,0.731707
651.000000,0.736710,0.739712,0.760741,0.772410,0.730457
652.000000,0.737211,0.737398,0.758615,0.770700,0.741088
653.000000,0.750594,0.744215,0.760241,0.770888,0.809256
654.000000,0.761351,0.749156,0.761023,0.770638,0.794246
655.000000,0.772608,0.755285,0.761773,0.769971,0.787992
656.000000,0.780113,0.758412,0.761273,0.769116,0.767980
657.000000,0.787742,0.762477,0.761460,0.768699,0.779237
658.000000,0.781864,0.766229,0.760991,0.768386,0.779862
659.000000,0.780863,0.771107,0.760522,0.768386,0.789243
660.000000,0.783114,0.777861,0.761523,0.768470,0.799250
661.000000,0.788618,0.784365,0.762039,0.768616,0.795497
662.000000,0.792620,0.790181,0.763790,0.769137,0.799250
663.000000,0.795497,0.788680,0.766448,0.769721,0.794246
664.000000,0.796748,0.788806,0.768981,0.770284,0.795497
665.000000,0.792245,0.787680,0.771482,0.770409,0.776735
666.000000,0.787867,0.788243,0.773327,0.770263,0.773609
667.000000,0.784490,0.788555,0.775516,0.770492,0.782364
668.000000,0.781864,0.788680,0.777455,0.770221,0.781113
669.000000,0.780238,0.788493,0.779800,0.769846,0.787367
670.000000,0.783615,0.787930,0.782896,0.770325,0.793621
671.000000,0.788118,0.787992,0.786179,0.770690,0.796123
672.000000,0.790619,0.787555,0.788868,0.771711,0.794872
673.000000,0.794997,0.788430,0.788555,0.773775,0.803002
674.000000,0.798749,0.789493,0.789149,0.775818,0.806129
675.000000,0.803127,0.793371,0.790525,0.778778,0.815510
676.000000,0.808130,0.798124,0.793183,0.781593,0.821138
677.000000,0.813759,0.802189,0.795372,0.784407,0.823014
678.000000,0.818011,0.806504,0.797592,0.787138,0.824265
679.000000,0.824765,0.811757,0.800125,0.790452,0.839900
680.000000,0.830519,0.816823,0.802376,0.794205,0.844278
681.000000,0.835897,0.822014,0.805003,0.798124,0.848030
682.000000,0.833396,0.823577,0.805566,0.800438,0.810507
683.000000,0.832270,0.825141,0.806785,0.800750,0.818637
684.000000,0.829393,0.827079,0.808286,0.801793,0.825516
685.000000,0.823265,0.826892,0.810131,0.802647,0.813634
686.000000,0.815009,0.825453,0.811789,0.803940,0.806754
687.000000,0.820138,0.826767,0.814478,0.805837,0.836148
688.000000,0.824390,0.828330,0.817417,0.807838,0.839900
689.000000,0.811882,0.820638,0.816198,0.806963,0.762977
690.000000,0.793246,0.808255,0.812539,0.804336,0.720450
691.000000,0.777486,0.796248,0.809131,0.802085,0.727955
692.000000,0.765791,0.792964,0.808271,0.801365,0.777674
693.000000,0.753158,0.788774,0.806957,0.800782,0.776735
694.000000,0.760163,0.786023,0.806551,0.800865,0.797999
695.000000,0.775672,0.784459,0.805675,0.801574,0.797999
696.000000,0.792433,0.784959,0.805206,0.802846,0.811757
697.000000,0.801001,0.783396,0.805081,0.804117,0.820513
698.000000,0.809256,0.781207,0.804769,0.805347,0.818011
699.000000,0.816385,0.788274,0.804456,0.806890,0.833646
700.000000,0.822514,0.799093,0.803674,0.808057,0.828643
701.000000,0.825391,0.808912,0.802580,0.809058,0.826141
702.000000,0.829518,0.815260,0.804112,0.810600,0.841151
703.000000,0.835397,0.822326,0.805550,0.812080,0.847405
704.000000,0.837148,0.826767,0.806395,0.813290,0.842402
705.000000,0.840025,0.831270,0.807864,0.814207,0.843027
706.000000,0.842652,0.834021,0.809490,0.814811,0.839275
707.000000,0.842402,0.835960,0.809678,0.815374,0.839900
708.000000,0.834271,0.834834,0.808021,0.814790,0.806754
709.000000,0.813008,0.825078,0.806676,0.811330,0.736085
710.000000,0.791495,0.815760,0.807427,0.807703,0.735460
711.000000,0.771107,0.806879,0.807896,0.804013,0.737336
712.000000,0.749343,0.795872,0.805566,0.801365,0.731082
713.000000,0.734209,0.784240,0.803283,0.798447,0.731082
714.000000,0.734459,0.773734,0.800250,0.795508,0.737336
715.000000,0.734959,0.763227,0.797248,0.792985,0.737961
716.000000,0.734459,0.752783,0.793402,0.790588,0.734834
717.000000,0.734959,0.742151,0.789056,0.787169,0.733583
718.000000,0.741714,0.737961,0.786398,0.784668,0.764853
719.000000,0.744966,0.739712,0.782395,0.784355,0.753596
720.000000,0.747842,0.741401,0.778580,0.785418,0.752345
721.000000,0.754096,0.744278,0.775578,0.786690,0.766104
722.000000,0.759975,0.747467,0.771670,0.786200,0.762977
723.000000,0.760976,0.751345,0.767792,0.785970,0.769856
724.000000,0.765228,0.755097,0.764415,0.785199,0.774859
725.000000,0.770106,0.758974,0.761101,0.784490,0.776735
726.000000,0.773483,0.763790,0.758286,0.783531,0.782989
727.000000,0.778862,0.769418,0.755785,0.782510,0.789869
728.000000,0.783490,0.772233,0.755097,0.781676,0.792996
729.000000,0.789744,0.777486,0.758599,0.780759,0.806129
730.000000,0.794121,0.782114,0.761757,0.779758,0.798624
731.000000,0.796373,0.784928,0.764603,0.778695,0.794246
732.000000,0.796623,0.787742,0.767605,0.777027,0.791119
733.000000,0.797498,0.790494,0.770919,0.775360,0.797373
734.000000,0.797248,0.793496,0.774296,0.774109,0.804878
735.000000,0.797999,0.796060,0.777517,0.772754,0.802376
736.000000,0.797248,0.796811,0.780300,0.771128,0.790494
737.000000,0.797498,0.797061,0.783240,0.769543,0.792370
738.000000,0.790494,0.793996,0.783114,0.768063,0.762351
739.000000,0.777986,0.787617,0.782552,0.768272,0.742339
740.000000,0.764228,0.781113,0.781614,0.768209,0.733583
741.000000,0.755972,0.776610,0.780769,0.768605,0.749218
742.000000,0.744215,0.770857,0.779300,0.768689,0.733583
743.000000,0.734334,0.762414,0.776454,0.768084,0.712946
744.000000,0.730957,0.754472,0.773984,0.767688,0.725453
745.000000,0.733458,0.748843,0.772452,0.767959,0.746091
746.000000,0.726204,0.741088,0.768949,0.767230,0.712946
747.000000,0.720450,0.732333,0.764697,0.766271,0.704816
748.000000,0.717949,0.726141,0.760069,0.764123,0.700438
749.000000,0.713071,0.722014,0.754816,0.762372,0.701063
750.000000,0.707442,0.720450,0.750782,0.761226,0.717949
751.000000,0.708193,0.717198,0.746904,0.759579,0.716698
752.000000,0.714572,0.717511,0.744184,0.758703,0.736710
753.000000,0.724578,0.721263,0.741839,0.758057,0.750469
754.000000,0.733083,0.723077,0.738774,0.757015,0.743590
755.000000,0.733083,0.720263,0.734553,0.755055,0.717949
756.000000,0.733583,0.720888,0.730988,0.752929,0.719199
757.000000,0.739462,0.727017,0.729675,0.752137,0.766104
758.000000,0.736085,0.730331,0.728236,0.750156,0.733583
759.000000,0.727079,0.730081,0.726048,0.746571,0.698562
760.000000,0.723452,0.728268,0.724359,0.743277,0.699812
761.000000,0.717573,0.725578,0.721388,0.739796,0.689806
762.000000,0.699937,0.719700,0.718605,0.736023,0.677924
763.000000,0.683302,0.709694,0.715478,0.731124,0.650407
764.000000,0.670919,0.698999,0.711038,0.725516,0.636648
765.000000,0.659037,0.691245,0.705754,0.720117,0.640400
766.000000,0.649781,0.683677,0.702283,0.715218,0.643527
767.000000,0.635147,0.667542,0.697280,0.708964,0.604753
768.000000,0.624765,0.654034,0.692183,0.703502,0.598499
769.000000,0.625891,0.648405,0.689243,0.700167,0.642276
770.000000,0.618512,0.638774,0.683521,0.695831,0.603502
771.000000,0.608630,0.629206,0.677392,0.690661,0.594121
772.000000,0.605879,0.620513,0.670106,0.685908,0.590994
773.000000,0.604378,0.614572,0.662133,0.681843,0.590994
774.000000,0.594246,0.610069,0.654534,0.677382,0.591620
775.000000,0.593621,0.606066,0.648655,0.672524,0.600375
776.000000,0.595497,0.602064,0.642871,0.668876,0.603502
777.000000,0.596623,0.601251,0.634396,0.665270,0.596623
778.000000,0.597248,0.600813,0.627423,0.661726,0.594121
779.000000,0.598249,0.596248,0.622326,0.658245,0.596623
780.000000,0.598874,0.596248,0.617511,0.654430,0.603502
781.000000,0.595997,0.595747,0.612477,0.650177,0.589118
782.000000,0.594872,0.595747,0.608130,0.645320,0.590994
783.000000,0.595497,0.596373,0.605472,0.640213,0.597248
784.000000,0.594997,0.596623,0.603346,0.635230,0.594121
785.000000,0.592120,0.595497,0.600782,0.630936,0.589118
786.000000,0.591745,0.593871,0.597967,0.626537,0.587242
787.000000,0.592120,0.593496,0.597373,0.620763,0.592871
788.000000,0.589994,0.592745,0.596779,0.615864,0.586617
789.000000,0.588993,0.591995,0.594121,0.612216,0.589118
790.000000,0.589243,0.590682,0.593465,0.608568,0.590369
791.000000,0.589744,0.590744,0.593246,0.605232,0.589744
792.000000,0.590119,0.591119,0.593433,0.602460,0.594747
793.000000,0.591245,0.590619,0.593496,0.600521,0.592245
794.000000,0.597373,0.593183,0.594903,0.599958,0.619762
795.000000,0.602627,0.595935,0.595716,0.599166,0.616635
796.000000,0.608881,0.599312,0.596592,0.598416,0.621013
797.000000,0.614259,0.602189,0.597842,0.598979,0.621639
798.000000,0.622764,0.607004,0.599875,0.600188,0.634772
799.000000,0.623640,0.610507,0.601251,0.599583,0.624140
800.000000,0.624765,0.613696,0.602189,0.600208,0.622264
801.000000,0.626391,0.617636,0.604190,0.601376,0.629143
802.000000,0.629018,0.621639,0.606379,0.602835,0.634772
803.000000,0.629018,0.625891,0.608255,0.604294,0.634772
804.000000,0.634897,0.629268,0.611226,0.606358,0.653533
805.000000,0.638899,0.631832,0.613884,0.607755,0.642276
806.000000,0.644778,0.635585,0.617448,0.609589,0.658537
807.000000,0.644903,0.636961,0.619575,0.610882,0.635397
808.000000,0.645528,0.637273,0.622139,0.612341,0.637899
809.000000,0.645278,0.640088,0.625297,0.614196,0.652283
810.000000,0.646404,0.642652,0.628174,0.615676,0.647905
811.000000,0.644028,0.644403,0.631019,0.617594,0.646654
812.000000,0.645528,0.645216,0.633427,0.619325,0.642902
813.000000,0.645654,0.645591,0.635741,0.620700,0.638524
814.000000,0.644278,0.644778,0.637023,0.622410,0.645403
815.000000,0.644028,0.645216,0.638524,0.624328,0.646654
816.000000,0.644528,0.644278,0.639931,0.626391,0.649156
817.000000,0.645779,0.645654,0.641307,0.628268,0.649156
818.000000,0.645654,0.645654,0.641463,0.629977,0.637899
819.000000,0.642151,0.643215,0.641651,0.631270,0.627892
820.000000,0.640901,0.642464,0.642558,0.632937,0.640400
821.000000,0.638149,0.641338,0.642871,0.634459,0.635397
822.000000,0.634647,0.640213,0.642714,0.635689,0.631645
823.000000,0.633771,0.639712,0.642652,0.637065,0.633521
824.000000,0.633771,0.637961,0.641370,0.637336,0.627892
825.000000,0.632645,0.636773,0.640994,0.637940,0.634772
826.000000,0.630769,0.634459,0.639368,0.638107,0.626016
827.000000,0.629206,0.631926,0.638790,0.638180,0.623827
828.000000,0.627580,0.630675,0.638164,0.637867,0.625391
829.000000,0.627830,0.630801,0.637008,0.638034,0.629143
830.000000,0.625203,0.628924,0.635694,0.638013,0.621639
831.000000,0.624953,0.627861,0.634600,0.637867,0.624765
832.000000,0.626579,0.627892,0.634053,0.637774,0.631957
833.000000,0.626204,0.626892,0.633302,0.637398,0.623515
834.000000,0.625078,0.626454,0.632208,0.636398,0.623515
835.000000,0.626079,0.625641,0.631207,0.635877,0.626642
836.000000,0.625704,0.625328,0.629894,0.634688,0.622889
837.000000,0.624265,0.625422,0.628674,0.634334,0.624765
838.000000,0.623390,0.624797,0.627736,0.633709,0.619137
839.000000,0.621388,0.623233,0.627017,0.632416,0.613508
840.000000,0.619137,0.622608,0.625766,0.631332,0.615385
841.000000,0.620388,0.623046,0.625453,0.630748,0.629143
842.000000,0.622889,0.623577,0.625735,0.630561,0.637273
843.000000,0.625016,0.624203,0.625547,0.630269,0.629769
844.000000,0.630019,0.625704,0.626079,0.630040,0.638524
845.000000,0.636898,0.628018,0.626829,0.630144,0.649781
846.000000,0.640650,0.630519,0.627924,0.630102,0.647905
847.000000,0.643902,0.633396,0.629409,0.630248,0.653533
848.000000,0.649281,0.637148,0.630972,0.630873,0.656660
849.000000,0.652533,0.641276,0.632255,0.631770,0.654784
850.000000,0.654409,0.645654,0.634131,0.632395,0.659162
851.000000,0.648655,0.644653,0.633849,0.631853,0.619137
852.000000,0.643902,0.643902,0.633740,0.631791,0.629769
853.000000,0.639275,0.644278,0.634240,0.631791,0.633521
854.000000,0.637023,0.644778,0.635241,0.632312,0.643527
855.000000,0.634709,0.644559,0.636288,0.632739,0.647592
856.000000,0.638587,0.643621,0.637070,0.633156,0.638524
857.000000,0.641714,0.642808,0.638102,0.633875,0.645403
858.000000,0.645841,0.642558,0.639853,0.634834,0.654159
859.000000,0.650219,0.643621,0.642448,0.636043,0.665416
860.000000,0.655535,0.645122,0.645388,0.637794,0.674171
861.000000,0.661664,0.650125,0.647389,0.639275,0.669168
862.000000,0.669919,0.655816,0.649859,0.641099,0.686679
863.000000,0.674797,0.660319,0.652298,0.642933,0.678549
864.000000,0.678174,0.664196,0.654487,0.644893,0.682301
865.000000,0.680425,0.667980,0.656270,0.646852,0.685428
866.000000,0.681551,0.671607,0.657614,0.648582,0.674797
867.000000,0.680050,0.674984,0.658896,0.650396,0.679174
868.000000,0.679300,0.677048,0.659803,0.652251,0.674797
869.000000,0.679800,0.678987,0.661304,0.654628,0.684803
870.000000,0.675047,0.677736,0.661429,0.656171,0.661664
871.000000,0.672420,0.676986,0.663555,0.657255,0.661664
872.000000,0.670169,0.675109,0.665463,0.658276,0.667917
873.000000,0.668293,0.673796,0.667058,0.659464,0.665416
874.000000,0.664790,0.672295,0.668246,0.660423,0.667292
875.000000,0.665916,0.670482,0.669231,0.661007,0.667292
876.000000,0.668793,0.670607,0.671107,0.661945,0.676048
877.000000,0.666667,0.668418,0.671701,0.662070,0.657286
878.000000,0.665166,0.666729,0.671889,0.662112,0.657911
879.000000,0.667417,0.666104,0.672545,0.662904,0.678549
880.000000,0.669293,0.667605,0.672670,0.663488,0.676673
881.000000,0.670794,0.669794,0.673390,0.665635,0.683552
882.000000,0.679925,0.673296,0.674203,0.668074,0.702939
883.000000,0.689306,0.677236,0.675516,0.670450,0.704816
884.000000,0.696185,0.681801,0.677048,0.672764,0.712946
885.000000,0.704690,0.686992,0.678737,0.675151,0.719199
886.000000,0.712320,0.691557,0.681082,0.677924,0.721701
887.000000,0.715697,0.697811,0.683114,0.680404,0.719825
888.000000,0.718574,0.703940,0.685335,0.682572,0.719199
889.000000,0.720200,0.708193,0.687148,0.684428,0.721076
890.000000,0.720325,0.712508,0.690056,0.685950,0.719825
891.000000,0.720138,0.716229,0.693011,0.687669,0.720763
892.000000,0.719887,0.717792,0.695544,0.688733,0.718574
893.000000,0.720263,0.719418,0.698327,0.690150,0.721076
894.000000,0.718386,0.719293,0.700547,0.691130,0.711695
895.000000,0.718261,0.719293,0.703143,0.692256,0.719199
896.000000,0.716948,0.718543,0.705050,0.693569,0.714196
897.000000,0.718324,0.719106,0.708458,0.695112,0.725453
898.000000,0.718949,0.719606,0.711773,0.696758,0.724203
899.000000,0.720450,0.719418,0.713806,0.697905,0.719199
900.000000,0.720325,0.719293,0.715901,0.699802,0.718574
901.000000,0.719325,0.718136,0.717183,0.701386,0.709193
902.000000,0.716448,0.717386,0.717589,0.702825,0.711069
903.000000,0.714321,0.716635,0.718027,0.704430,0.713571
904.000000,0.713696,0.717073,0.718183,0.706056,0.716073
905.000000,0.714946,0.717635,0.718464,0.707974,0.724822
906.000000,0.724076,0.721700,0.720122,0.710600,0.754847
907.000000,0.729330,0.722889,0.720997,0.713269,0.737336
908.000000,0.731456,0.722889,0.721247,0.715478,0.724203
909.000000,0.733332,0.723514,0.721466,0.717042,0.725453
910.000000,0.732208,0.723577,0.721435,0.718459,0.719199
911.000000,0.723952,0.724014,0.721075,0.719460,0.713571
912.000000,0.718949,0.724139,0.720763,0.719773,0.712320
913.000000,0.719950,0.725703,0.721169,0.720586,0.729206
914.000000,0.719199,0.726266,0.721669,0.720877,0.721701
915.000000,0.721201,0.726704,0.722170,0.721211,0.729206
916.000000,0.724453,0.724203,0.722952,0.721482,0.729831
917.000000,0.728705,0.723827,0.723358,0.721941,0.733583
918.000000,0.728831,0.724390,0.723639,0.722295,0.729831
919.000000,0.728768,0.723984,0.723749,0.722305,0.721388
920.000000,0.728758,0.724979,0.724278,0.722616,0.729156
921.000000,0.727882,0.726168,0.725091,0.722773,0.725453
922.000000,0.726194,0.727450,0.725795,0.722992,0.725141
923.000000,0.724818,0.726824,0.726264,0.723054,0.722952
924.000000,0.725131,0.726949,0.726608,0.723429,0.722952
925.000000,0.724015,0.726386,0.726545,0.723575,0.723577
926.000000,0.724578,0.726230,0.725216,0.724044,0.728268
927.000000,0.725391,0.725792,0.724810,0.724169,0.729206
928.000000,0.725766,0.725292,0.724841,0.724190,0.724828
929.000000,0.726518,0.725824,0.724904,0.724441,0.726710
930.000000,0.726893,0.725454,0.725217,0.724670,0.725453
931.000000,0.726331,0.725455,0.725811,0.725212,0.725460
932.000000,0.725331,0.725361,0.726405,0.725650,0.724203
933.000000,0.718201,0.721984,0.724404,0.724837,0.689181
934.000000,0.713572,0.720045,0.723497,0.724420,0.703565
935.000000,0.710445,0.718669,0.722528,0.723920,0.709819
936.000000,0.704941,0.715636,0.720933,0.722023,0.697936
937.000000,0.701063,0.713197,0.719495,0.720939,0.704816
938.000000,0.704065,0.711133,0.718213,0.720272,0.704190
939.000000,0.702814,0.708193,0.717009,0.719334,0.697311
940.000000,0.699562,0.705004,0.715229,0.718479,0.693558
941.000000,0.697936,0.701438,0.713447,0.717687,0.689806
942.000000,0.694434,0.697749,0.711555,0.716853,0.687305
943.000000,0.689806,0.696936,0.709460,0.715248,0.681051
944.000000,0.687054,0.694934,0.707490,0.713976,0.683552
945.000000,0.685741,0.692652,0.705660,0.712569,0.686992
946.000000,0.685866,0.691901,0.703769,0.711256,0.690432
947.000000,0.683740,0.689087,0.701142,0.709359,0.676673
948.000000,0.683240,0.686523,0.698828,0.707649,0.678549
949.000000,0.681864,0.684459,0.696326,0.706159,0.676673
950.000000,0.678674,0.682208,0.693606,0.704222,0.671044
951.000000,0.671920,0.678893,0.690166,0.701929,0.656660
952.000000,0.668918,0.676329,0.687039,0.699813,0.661664
953.000000,0.666667,0.674953,0.685944,0.697957,0.667292
954.000000,0.663915,0.672889,0.683912,0.695956,0.662914
955.000000,0.659787,0.669231,0.680941,0.693517,0.650407
956.000000,0.661163,0.666542,0.679221,0.691360,0.663540
957.000000,0.664290,0.666604,0.677846,0.689629,0.677298
958.000000,0.666667,0.666667,0.676595,0.688108,0.679174
959.000000,0.668918,0.666417,0.675438,0.686356,0.674171
960.000000,0.672420,0.666104,0.674156,0.684438,0.667917
961.000000,0.672420,0.666792,0.672842,0.682374,0.663540
962.000000,0.671420,0.667855,0.672092,0.680644,0.672295
963.000000,0.669543,0.668105,0.671529,0.679998,0.669794
964.000000,0.668543,0.668730,0.670810,0.678851,0.669168
965.000000,0.669043,0.670732,0.669981,0.677538,0.670419
966.000000,0.670294,0.671357,0.668949,0.676600,0.669794
967.000000,0.667917,0.669669,0.668136,0.675120,0.660413
968.000000,0.667480,0.668512,0.667589,0.673900,0.667605
969.000000,0.665979,0.667261,0.666839,0.672712,0.661664
970.000000,0.667855,0.668449,0.667276,0.672253,0.679800
971.000000,0.672858,0.671576,0.669184,0.672420,0.694809
972.000000,0.682614,0.675266,0.671560,0.673150,0.709193
973.000000,0.694184,0.680832,0.674468,0.674630,0.725453
974.000000,0.706316,0.686148,0.677439,0.675922,0.722326
975.000000,0.714722,0.691288,0.681010,0.677084,0.721826
976.000000,0.716598,0.694728,0.683043,0.677542,0.704190
977.000000,0.716098,0.699356,0.684512,0.678543,0.706692
978.000000,0.713096,0.703640,0.686076,0.679606,0.710444
979.000000,0.710344,0.708330,0.687795,0.680669,0.708568
980.000000,0.708193,0.711457,0.689953,0.682003,0.711069
981.000000,0.712445,0.714522,0.693049,0.684296,0.725453
982.000000,0.717824,0.716961,0.696113,0.686694,0.733583
983.000000,0.722952,0.718024,0.699428,0.688987,0.736085
984.000000,0.728580,0.719462,0.702805,0.691447,0.736710
985.000000,0.734584,0.721388,0.706338,0.694469,0.741088
986.000000,0.735960,0.724203,0.709465,0.696763,0.732333
987.000000,0.735210,0.726517,0.712936,0.698514,0.729831
988.000000,0.733583,0.728268,0.715954,0.700140,0.727955
989.000000,0.732583,0.730582,0.719456,0.702058,0.731707
990.000000,0.729831,0.732208,0.721832,0.704038,0.727330
991.000000,0.729706,0.732833,0.723677,0.706310,0.731707
992.000000,0.730206,0.732708,0.724834,0.708311,0.732333
993.000000,0.734584,0.734084,0.726054,0.710980,0.749844
994.000000,0.738336,0.735460,0.727461,0.713690,0.750469
995.000000,0.745091,0.737461,0.729425,0.716713,0.761101
996.000000,0.753596,0.741651,0.732927,0.720194,0.774234
997.000000,0.764853,0.747530,0.737023,0.724467,0.788618
998.000000,0.771482,0.753033,0.740650,0.728314,0.782989
999.000000,0.776110,0.757223,0.743902,0.732045,0.773609
1000.000000,0.776235,0.760663,0.746435,0.734776,0.761726
1001.000000,0.772858,0.763227,0.748030,0.736861,0.757348
1002.000000,0.768230,0.766542,0.749625,0.738737,0.765478
1003.000000,0.763102,0.767292,0.750688,0.739800,0.757348
1004.000000,0.760976,0.768543,0.752001,0.741155,0.762977
1005.000000,0.761726,0.768981,0.753221,0.742610,0.765478
1006.000000,0.763851,0.768355,0.755003,0.744736,0.767974
1007.000000,0.762976,0.765603,0.756566,0.746550,0.761101
1008.000000,0.764351,0.763727,0.758380,0.748343,0.764228
1009.000000,0.769980,0.765478,0.761351,0.751094,0.791119
1010.000000,0.773232,0.767479,0.764071,0.753450,0.781739
1011.000000,0.775360,0.769605,0.766416,0.755222,0.778612
1012.000000,0.779487,0.771231,0.768886,0.756827,0.781739
1013.000000,0.782864,0.773608,0.770450,0.758328,0.781113
1014.000000,0.781989,0.775984,0.772264,0.759996,0.786742
1015.000000,0.779737,0.776485,0.772733,0.760975,0.770482
1016.000000,0.782239,0.778799,0.773577,0.762935,0.791119
1017.000000,0.784490,0.781989,0.773796,0.765040,0.792996
1018.000000,0.787617,0.785241,0.774484,0.767334,0.796748
1019.000000,0.787492,0.784740,0.775109,0.769147,0.786116
1020.000000,0.790744,0.785241,0.776360,0.771128,0.786742
1021.000000,0.791995,0.787117,0.778361,0.773316,0.797373
1022.000000,0.792495,0.788493,0.779862,0.775422,0.795497
1023.000000,0.793246,0.790432,0.782020,0.777110,0.800500
1024.000000,0.793621,0.790557,0.783270,0.778361,0.787992
1025.000000,0.796998,0.793871,0.785178,0.779779,0.803627
1026.000000,0.794371,0.793183,0.785991,0.780112,0.784240
1027.000000,0.791370,0.791932,0.786961,0.779841,0.780488
1028.000000,0.786742,0.789994,0.787617,0.779654,0.777361
1029.000000,0.787492,0.790557,0.787649,0.780258,0.791745
1030.000000,0.785366,0.791182,0.788211,0.781301,0.792996
1031.000000,0.787617,0.790994,0.789056,0.782572,0.795497
1032.000000,0.790744,0.791057,0.789775,0.783594,0.796123
1033.000000,0.794997,0.790869,0.790650,0.784970,0.798624
1034.000000,0.795497,0.791495,0.791026,0.786012,0.794246
1035.000000,0.796374,0.790870,0.792371,0.787075,0.797380
1036.000000,0.798750,0.793184,0.793184,0.788389,0.807380
1037.000000,0.800376,0.795560,0.793746,0.789827,0.804253
1038.000000,0.802378,0.798687,0.794341,0.791307,0.808630
1039.000000,0.805380,0.800438,0.795497,0.791912,0.809256
1040.000000,0.807630,0.802002,0.796592,0.792808,0.808630
1041.000000,0.806629,0.802690,0.796842,0.793600,0.802376
1042.000000,0.805503,0.802940,0.796998,0.794163,0.798624
1043.000000,0.805503,0.803941,0.797405,0.795080,0.808630
1044.000000,0.803877,0.804629,0.798062,0.795560,0.801126
1045.000000,0.805253,0.806442,0.798656,0.797061,0.815510
1046.000000,0.806629,0.806629,0.799907,0.797665,0.809256
1047.000000,0.808380,0.806942,0.801251,0.798145,0.807380
1048.000000,0.811632,0.808568,0.803628,0.799083,0.824891
1049.000000,0.815885,0.809881,0.805160,0.800292,0.822389
1050.000000,0.817261,0.811257,0.806629,0.801480,0.822389
1051.000000,0.818011,0.812320,0.807505,0.802001,0.813008
1052.000000,0.817136,0.812758,0.807849,0.802252,0.803002
1053.000000,0.812383,0.812008,0.807974,0.802272,0.801126
1054.000000,0.809631,0.812758,0.808693,0.802960,0.808630
1055.000000,0.807505,0.812383,0.809412,0.803231,0.811757
1056.000000,0.806879,0.812445,0.809537,0.804086,0.809881
1057.000000,0.809381,0.813258,0.810100,0.805253,0.815510
1058.000000,0.810632,0.811507,0.810038,0.806254,0.807380
1059.000000,0.817636,0.813634,0.811757,0.807984,0.843652
1060.000000,0.828643,0.818074,0.814665,0.810444,0.866792
1061.000000,0.839650,0.823265,0.817792,0.812758,0.864916
1062.000000,0.849531,0.829456,0.821107,0.815051,0.864916
1063.000000,0.857161,0.833896,0.822952,0.816615,0.845528
1064.000000,0.854909,0.836273,0.824515,0.817886,0.832395
1065.000000,0.849656,0.839149,0.825766,0.819325,0.840525
1066.000000,0.844153,0.841901,0.827173,0.820325,0.837398
1067.000000,0.841026,0.845278,0.829268,0.821826,0.849281
1068.000000,0.844278,0.850719,0.831113,0.823598,0.861789
1069.000000,0.850407,0.852658,0.833146,0.825391,0.863039
1070.000000,0.855660,0.852658,0.835366,0.827330,0.866792
1071.000000,0.860288,0.852220,0.837742,0.829268,0.860538
1072.000000,0.863290,0.852158,0.840807,0.831457,0.864290
1073.000000,0.863039,0.853659,0.843777,0.833187,0.860538
1074.000000,0.863665,0.857036,0.846654,0.835355,0.866166
1075.000000,0.863164,0.859412,0.849281,0.836981,0.864290
1076.000000,0.863915,0.862101,0.852001,0.838816,0.864290
1077.000000,0.866041,0.864665,0.854972,0.841067,0.874922
1078.000000,0.868918,0.865979,0.858349,0.842735,0.874922
1079.000000,0.875172,0.869418,0.861038,0.845237,0.897436
1080.000000,0.880801,0.871982,0.862320,0.847571,0.892433
1081.000000,0.887556,0.875735,0.863978,0.850407,0.898068
1082.000000,0.892309,0.879175,0.865666,0.853596,0.898687
1083.000000,0.898063,0.883490,0.868574,0.857015,0.903690
1084.000000,0.900439,0.887806,0.872421,0.860371,0.909318
1085.000000,0.901815,0.891308,0.875360,0.863290,0.899312
1086.000000,0.899437,0.893497,0.877799,0.865833,0.886179
1087.000000,0.895435,0.893872,0.879269,0.867939,0.878674
1088.000000,0.890557,0.894310,0.880144,0.870336,0.879300
1089.000000,0.885929,0.893184,0.881301,0.871753,0.886179
1090.000000,0.886179,0.893997,0.882990,0.872879,0.900563
1091.000000,0.887179,0.893308,0.884522,0.873755,0.891182
1092.000000,0.890181,0.892808,0.885992,0.874714,0.893684
1093.000000,0.889181,0.889869,0.886679,0.875673,0.874296
1094.000000,0.891682,0.888806,0.888306,0.877882,0.898687
1095.000000,0.894809,0.890494,0.890901,0.880405,0.916198
1096.000000,0.898937,0.893058,0.893277,0.882885,0.911820
1097.000000,0.901313,0.895747,0.894810,0.884762,0.905566
1098.000000,0.906442,0.897811,0.896060,0.886033,0.899937
1099.000000,0.908755,0.900219,0.896701,0.887607,0.910256
1100.000000,0.904753,0.899781,0.896889,0.888587,0.896185
1101.000000,0.900625,0.899781,0.896545,0.889608,0.891182
1102.000000,0.896998,0.899156,0.895982,0.890380,0.887430
1103.000000,0.893371,0.899906,0.894887,0.891088,0.881801
1104.000000,0.893058,0.900907,0.894856,0.892506,0.908693
1105.000000,0.895810,0.900281,0.895388,0.894028,0.909944
1106.000000,0.897186,0.898906,0.895982,0.895153,0.898061
1107.000000,0.897436,0.897217,0.896482,0.895612,0.888680
1108.000000,0.898812,0.896091,0.896951,0.896071,0.888680
1109.000000,0.894684,0.893871,0.897045,0.895758,0.888055
1110.000000,0.890432,0.893121,0.896451,0.895633,0.888680
1111.000000,0.891557,0.894371,0.897076,0.895820,0.903690
1112.000000,0.891432,0.894434,0.896795,0.895466,0.888055
1113.000000,0.893433,0.896123,0.898014,0.895299,0.898687
1114.000000,0.896185,0.895435,0.898171,0.895049,0.901814
1115.000000,0.899187,0.894809,0.897545,0.895195,0.903690
1116.000000,0.897936,0.894747,0.896826,0.895570,0.897436
1117.000000,0.901939,0.896685,0.896951,0.896550,0.908068
1118.000000,0.904190,0.898812,0.897452,0.897571,0.909944
1119.000000,0.906191,0.901188,0.897530,0.898426,0.911820
1120.000000,0.907442,0.903315,0.898218,0.898739,0.909944
1121.000000,0.908443,0.903189,0.898780,0.899114,0.902439
1122.000000,0.906316,0.904128,0.899281,0.899239,0.897436
1123.000000,0.899937,0.902064,0.899093,0.899364,0.878049
1124.000000,0.891682,0.898937,0.897186,0.898426,0.870544
1125.000000,0.886304,0.896873,0.895841,0.897321,0.883052
1126.000000,0.884803,0.896623,0.895685,0.896758,0.894934
1127.000000,0.886179,0.896248,0.896467,0.896717,0.904315
1128.000000,0.890306,0.895122,0.896967,0.896675,0.898687
1129.000000,0.882927,0.887305,0.894246,0.894121,0.833646
1130.000000,0.872670,0.879487,0.891401,0.891974,0.831770
1131.000000,0.860788,0.872795,0.887992,0.890119,0.835522
1132.000000,0.847154,0.866667,0.885397,0.888409,0.836148
1133.000000,0.835522,0.862914,0.882489,0.887034,0.840525
1134.000000,0.836148,0.859537,0.879237,0.884636,0.836773
1135.000000,0.835897,0.854284,0.875578,0.881989,0.830519
1136.000000,0.835022,0.847905,0.872264,0.879758,0.831144
1137.000000,0.833521,0.840338,0.868293,0.877757,0.828643
1138.000000,0.832896,0.834209,0.864665,0.876048,0.837398
1139.000000,0.832395,0.834271,0.860788,0.874255,0.834271
1140.000000,0.832395,0.834146,0.856817,0.872316,0.830519
1141.000000,0.833771,0.834396,0.853596,0.870127,0.838024
1142.000000,0.835147,0.834334,0.850500,0.868376,0.835522
1143.000000,0.833646,0.833271,0.848093,0.866083,0.829894
1144.000000,0.834772,0.833583,0.846560,0.864019,0.839900
1145.000000,0.836148,0.834271,0.844278,0.861809,0.837398
1146.000000,0.835522,0.834647,0.841276,0.859725,0.834897
1147.000000,0.835022,0.835084,0.837711,0.857223,0.833021
1148.000000,0.835397,0.834522,0.834365,0.854617,0.831770
1149.000000,0.833896,0.834334,0.834303,0.851970,0.832395
1150.000000,0.832770,0.834459,0.834303,0.849364,0.831770
1151.000000,0.832020,0.833771,0.834084,0.846988,0.831144
1152.000000,0.832270,0.833646,0.833990,0.844882,0.834271
1153.000000,0.831144,0.833271,0.833271,0.843152,0.826141
1154.000000,0.829393,0.831645,0.832614,0.841588,0.823640
1155.000000,0.827767,0.830269,0.832270,0.839608,0.823640
1156.000000,0.826016,0.829018,0.831832,0.837190,0.822389
1157.000000,0.828893,0.830582,0.832833,0.835335,0.848655
1158.000000,0.837523,0.834334,0.834428,0.834355,0.869293
1159.000000,0.847905,0.838649,0.836492,0.835752,0.875547
1160.000000,0.856410,0.842089,0.838274,0.836898,0.866166
1161.000000,0.866917,0.846467,0.840119,0.838211,0.874922
1162.000000,0.872170,0.850532,0.842089,0.839504,0.874922
1163.000000,0.874672,0.856098,0.844684,0.840880,0.881801
1164.000000,0.878549,0.863227,0.847436,0.842818,0.894934
1165.000000,0.884428,0.870419,0.850344,0.844986,0.895560
1166.000000,0.888180,0.877548,0.853283,0.847071,0.893684
1167.000000,0.891682,0.881926,0.856254,0.849197,0.892433
1168.000000,0.894059,0.884365,0.859350,0.851074,0.893684
1169.000000,0.895059,0.886804,0.862727,0.853262,0.899937
1170.000000,0.895310,0.889869,0.865979,0.855472,0.896811
1171.000000,0.897186,0.892683,0.869575,0.857640,0.903064
1172.000000,0.899562,0.895622,0.873077,0.859933,0.904315
1173.000000,0.900813,0.897436,0.876767,0.862268,0.899937
1174.000000,0.901563,0.898311,0.880769,0.864394,0.903690
1175.000000,0.898311,0.896811,0.883615,0.865833,0.880550
1176.000000,0.894684,0.895935,0.886742,0.867501,0.884928
1177.000000,0.891432,0.895497,0.888712,0.869335,0.888055
1178.000000,0.892683,0.896748,0.890557,0.871816,0.906191
1179.000000,0.892558,0.897061,0.891932,0.874171,0.903064
1180.000000,0.897561,0.897936,0.893902,0.876631,0.905566
1181.000000,0.901939,0.898311,0.895497,0.879154,0.906817
1182.000000,0.906191,0.898812,0.897217,0.881655,0.909318
1183.000000,0.906942,0.899812,0.898624,0.884449,0.909944
1184.000000,0.912695,0.902627,0.900469,0.888055,0.931832
1185.000000,0.912946,0.905253,0.901032,0.890828,0.906817
1186.000000,0.911945,0.906942,0.901438,0.893475,0.901814
1187.000000,0.909694,0.907942,0.901720,0.895122,0.898061
1188.000000,0.906191,0.906567,0.901657,0.895893,0.892433
1189.000000,0.897311,0.905003,0.901032,0.896289,0.887430
1190.000000,0.896811,0.904878,0.901407,0.897561,0.904315
1191.000000,0.896185,0.904065,0.901188,0.898353,0.898687
1192.000000,0.897061,0.903377,0.901094,0.899270,0.902439
1193.000000,0.900188,0.903189,0.901501,0.900146,0.908068
1194.000000,0.907692,0.902502,0.902564,0.901147,0.924953
1195.000000,0.911320,0.904065,0.904659,0.902043,0.922452
1196.000000,0.914196,0.905191,0.906066,0.902689,0.913071
1197.000000,0.918324,0.907692,0.907817,0.903711,0.923077
1198.000000,0.921576,0.910882,0.908724,0.904732,0.924328
1199.000000,0.922326,0.915009,0.910006,0.905691,0.928705
1200.000000,0.924828,0.918074,0.911476,0.906963,0.934959
1201.000000,0.929081,0.921639,0.912852,0.908005,0.934334
1202.000000,0.928330,0.923327,0.913352,0.908505,0.919325
1203.000000,0.927580,0.924578,0.913884,0.909193,0.920575
1204.000000,0.926204,0.924265,0.913383,0.909798,0.921826
1205.000000,0.924828,0.924828,0.914447,0.911382,0.928080
1206.000000,0.923452,0.926266,0.915729,0.912800,0.927455
1207.000000,0.924078,0.926204,0.916948,0.913946,0.922452
1208.000000,0.924703,0.926141,0.918512,0.914530,0.923702
1209.000000,0.927205,0.926704,0.920857,0.915572,0.934334
1210.000000,0.929706,0.927267,0.922670,0.916740,0.940588
1211.000000,0.927705,0.925578,0.923609,0.917094,0.917448
1212.000000,0.927455,0.925766,0.924547,0.917490,0.921201
1213.000000,0.923327,0.924015,0.924296,0.917261,0.903064
1214.000000,0.918824,0.923014,0.923640,0.916594,0.911820
1215.000000,0.910569,0.920138,0.922483,0.916344,0.899312
1216.000000,0.905441,0.916573,0.921420,0.916010,0.891807
1217.000000,0.900313,0.913884,0.920044,0.915927,0.895560
1218.000000,0.898061,0.910694,0.918418,0.915906,0.891807
1219.000000,0.894809,0.906817,0.916760,0.916177,0.895560
1220.000000,0.895059,0.902814,0.915041,0.916052,0.900563
1221.000000,0.894434,0.899937,0.912758,0.915718,0.888680
1222.000000,0.884303,0.892308,0.909037,0.913800,0.844903
1223.000000,0.873921,0.885991,0.905003,0.911528,0.839900
1224.000000,0.863039,0.878924,0.900969,0.908735,0.841151
1225.000000,0.851032,0.873046,0.896592,0.906004,0.840525
1226.000000,0.841526,0.867980,0.892276,0.903606,0.841151
1227.000000,0.845278,0.864790,0.889337,0.901626,0.863665
1228.000000,0.847530,0.860725,0.885710,0.899187,0.851157
1229.000000,0.849031,0.856035,0.881426,0.896519,0.848655
1230.000000,0.851907,0.851470,0.877142,0.893850,0.854909
1231.000000,0.855285,0.848405,0.874171,0.891307,0.858036
1232.000000,0.854409,0.849844,0.871076,0.889306,0.859287
1233.000000,0.857036,0.852283,0.869137,0.887430,0.864290
1234.000000,0.861038,0.855034,0.866979,0.885658,0.868668
1235.000000,0.862039,0.856973,0.865009,0.883385,0.859912
1236.000000,0.861163,0.858224,0.863102,0.880926,0.853659
1237.000000,0.863915,0.859162,0.861976,0.879279,0.873046
1238.000000,0.867292,0.862164,0.861445,0.877861,0.881176
1239.000000,0.869043,0.865041,0.860538,0.875964,0.877423
1240.000000,0.869543,0.865791,0.858630,0.873358,0.862414
1241.000000,0.869418,0.865291,0.856848,0.871211,0.853033
1242.000000,0.869794,0.866854,0.858349,0.869669,0.874922
1243.000000,0.866667,0.866979,0.859631,0.868418,0.865541
1244.000000,0.867417,0.868230,0.861632,0.867396,0.881176
1245.000000,0.873671,0.871607,0.864290,0.867209,0.893684
