0.000000,0.232758,0.227270,0.222349,0.219060,0.240071
1.000000,-1234.000000,-1234.000000,-1234.000000,-1234.000000,-1234.000000
2.000000,0.240627,0.231797,0.224913,0.220909,-1234.000000
3.000000,0.245221,0.234674,0.226803,0.222160,0.248608
4.000000,0.248399,0.237850,0.228942,0.223622,0.252227
5.000000,0.249003,0.239978,0.230452,0.224557,0.242484
6.000000,0.248571,0.242349,0.231922,0.225682,0.246845
7.000000,0.248237,0.244855,0.233377,0.226962,0.251021
8.000000,0.249109,0.247381,0.234916,0.228332,0.252970
9.000000,0.249982,0.249278,0.236699,0.229855,0.256589
10.000000,0.252765,0.251093,0.238555,0.231269,0.256403
11.000000,0.256292,0.252431,0.240860,0.233029,0.264477
12.000000,0.259595,0.253916,0.243439,0.234914,0.267539
13.000000,0.263103,0.256106,0.245954,0.236908,0.270509
14.000000,0.266073,0.258027,0.248469,0.238972,0.271437
15.000000,0.268699,0.260732,0.250901,0.240893,0.269534
16.000000,0.270147,0.263219,0.253333,0.242714,0.271715
17.000000,0.270397,0.264996,0.255456,0.244280,0.268792
18.000000,0.270063,0.266583,0.257487,0.245836,0.268838
19.000000,0.268764,0.267418,0.258826,0.247292,0.264941
20.000000,0.264783,0.266741,0.259329,0.248274,0.249629
21.000000,0.260960,0.265553,0.258992,0.249375,0.252598
22.000000,0.259169,0.264783,0.259350,0.250799,0.259837
23.000000,0.261637,0.265850,0.260978,0.252815,0.281180
24.000000,0.266555,0.267660,0.262843,0.255087,0.289532
25.000000,0.275390,0.270086,0.265409,0.257517,0.293801
26.000000,0.282591,0.271775,0.267497,0.259693,0.288604
27.000000,0.287936,0.273552,0.269274,0.261696,0.286563
28.000000,0.290200,0.275919,0.271251,0.263843,0.292502
29.000000,0.288808,0.277682,0.272550,0.265328,0.282572
30.000000,0.286618,0.281004,0.273872,0.266803,0.282851
31.000000,0.285468,0.284029,0.274791,0.267338,0.282851
32.000000,0.284800,0.286368,0.275575,0.268356,0.283222
33.000000,0.282999,0.286600,0.276225,0.269519,0.283501
34.000000,0.282071,0.285440,0.276550,0.270376,0.277932
35.000000,0.280846,0.283732,0.276909,0.271517,0.276726
36.000000,0.277097,0.281282,0.276529,0.272092,0.264105
37.000000,0.273348,0.279074,0.276313,0.272541,0.264477
38.000000,0.268634,0.275817,0.275868,0.272773,0.259929
39.000000,0.265794,0.273933,0.275807,0.273011,0.263734
40.000000,0.264254,0.272550,0.276777,0.273432,0.269024
41.000000,0.264792,0.270945,0.277487,0.273509,0.266797
42.000000,0.264885,0.269117,0.277742,0.273422,0.264941
43.000000,0.265887,0.267260,0.276930,0.273237,0.264941
44.000000,0.266964,0.266379,0.275909,0.273159,0.269117
45.000000,0.267539,0.265896,0.274814,0.273238,0.271901
46.000000,0.269878,0.267335,0.274309,0.273464,0.278489
47.000000,0.274944,0.269915,0.274494,0.274180,0.290275
48.000000,0.277803,0.271845,0.273831,0.274527,0.279232
49.000000,0.279362,0.273163,0.273548,0.274926,0.276912
50.000000,0.280475,0.274007,0.273279,0.275854,0.277468
51.000000,0.278990,0.274434,0.272689,0.276469,0.271065
52.000000,0.272717,0.273831,0.271474,0.276438,0.258909
53.000000,0.268764,0.273283,0.270272,0.275715,0.259465
54.000000,0.263938,0.271650,0.269014,0.274490,0.252784
55.000000,0.258816,0.269646,0.267771,0.273091,0.251856
56.000000,0.256570,0.267780,0.267558,0.272133,0.259837
57.000000,0.256960,0.264839,0.267377,0.271276,0.260857
58.000000,0.258686,0.263725,0.267785,0.270462,0.268096
59.000000,0.260895,0.262416,0.267790,0.269837,0.263827
60.000000,0.262491,0.260653,0.267330,0.269070,0.259837
61.000000,0.266221,0.261396,0.267915,0.268925,0.278489
62.000000,0.270267,0.263614,0.268722,0.268854,0.281088
63.000000,0.277246,0.267966,0.270625,0.269503,0.302988
64.000000,0.285004,0.272949,0.272300,0.270326,0.302617
65.000000,0.293801,0.278146,0.273896,0.271229,0.303823
66.000000,0.301578,0.283899,0.275840,0.273005,0.317372
67.000000,0.310690,0.290479,0.277659,0.275077,0.326652
68.000000,0.318764,0.298005,0.280865,0.277858,0.343356
69.000000,0.330290,0.307647,0.285032,0.281075,0.360245
70.000000,0.339495,0.316648,0.288651,0.283769,0.349852
71.000000,0.346047,0.323812,0.292604,0.286547,0.350130
72.000000,0.348645,0.329668,0.296641,0.289037,0.339644
73.000000,0.348478,0.333621,0.300793,0.291623,0.342520
74.000000,0.345935,0.338112,0.305531,0.294237,0.347532
75.000000,0.347699,0.343597,0.310871,0.297129,0.358667
76.000000,0.354250,0.350148,0.317024,0.300609,0.382888
77.000000,0.362676,0.355661,0.323070,0.303659,0.381774
78.000000,0.370713,0.359595,0.328800,0.307108,0.382702
79.000000,0.372068,0.359001,0.333324,0.309688,0.354306
80.000000,0.372235,0.359967,0.338307,0.312423,0.359503
81.000000,0.363344,0.358797,0.341305,0.314668,0.338437
82.000000,0.351930,0.357303,0.343486,0.316862,0.324703
83.000000,0.340219,0.355466,0.344543,0.319018,0.324146
84.000000,0.334280,0.353174,0.345643,0.321412,0.324610
85.000000,0.331607,0.351921,0.347759,0.324555,0.346140
86.000000,0.335579,0.349462,0.349805,0.327837,0.358296
87.000000,0.341927,0.346928,0.351295,0.331023,0.356440
88.000000,0.343337,0.341778,0.350687,0.333126,0.331199
89.000000,0.344636,0.339458,0.349230,0.335369,0.331106
90.000000,0.340182,0.335895,0.347931,0.337503,0.323868
91.000000,0.332554,0.334066,0.346432,0.338892,0.320156
92.000000,0.327153,0.334540,0.345921,0.340504,0.329436
93.000000,0.327765,0.335551,0.345509,0.341546,0.334261
94.000000,0.329417,0.337027,0.345100,0.342771,0.339365
95.000000,0.334131,0.337157,0.344539,0.344225,0.347439
96.000000,0.339829,0.336192,0.342827,0.345267,0.348645
97.000000,0.342558,0.334855,0.340892,0.345815,0.343077
98.000000,0.344989,0.336377,0.339078,0.345917,0.346418
99.000000,0.346901,0.338159,0.338808,0.345539,0.348924
100.000000,0.343523,0.338827,0.337361,0.344896,0.330549
101.000000,0.340590,0.340210,0.337138,0.344358,0.333983
102.000000,0.342001,0.342279,0.338409,0.344707,0.350130
103.000000,0.343337,0.344163,0.339857,0.345060,0.353099
104.000000,0.343467,0.345184,0.341105,0.345128,0.349573
105.000000,0.346771,0.345147,0.341152,0.344741,0.347068
106.000000,0.349146,0.344868,0.340530,0.343507,0.345861
107.000000,0.346733,0.344367,0.339611,0.342050,0.338066
108.000000,0.343912,0.343625,0.340001,0.340593,0.338994
109.000000,0.341425,0.342446,0.340303,0.340021,0.337138
110.000000,0.339365,0.343068,0.340947,0.339263,0.336767
111.000000,0.336860,0.343003,0.341606,0.339093,0.333333
112.000000,0.337454,0.342094,0.342186,0.339637,0.341036
113.000000,0.337769,0.340841,0.342502,0.340185,0.340572
114.000000,0.338196,0.339811,0.342497,0.340674,0.339272
115.000000,0.338586,0.338976,0.342061,0.340426,0.338716
116.000000,0.338604,0.337732,0.341300,0.339597,0.333426
117.000000,0.335542,0.336498,0.340432,0.338573,0.325724
118.000000,0.332053,0.334911,0.339268,0.338304,0.323125
119.000000,0.329343,0.333769,0.338108,0.338125,0.325724
120.000000,0.328563,0.333575,0.338321,0.338490,0.334818
121.000000,0.329807,0.334206,0.338604,0.339139,0.339644
122.000000,0.332554,0.334048,0.338071,0.339474,0.339458
123.000000,0.337268,0.334660,0.337751,0.339888,0.346696
124.000000,0.343096,0.336219,0.338015,0.340405,0.354863
125.000000,0.346901,0.337732,0.338354,0.340618,0.353842
126.000000,0.353192,0.341500,0.339616,0.341367,0.371102
127.000000,0.359837,0.346195,0.341347,0.342353,0.372680
128.000000,0.363660,0.350464,0.342687,0.343000,0.365813
129.000000,0.365535,0.354315,0.344042,0.343510,0.364235
130.000000,0.369117,0.358009,0.345792,0.344884,0.371752
131.000000,0.370453,0.361823,0.348014,0.346344,0.377784
132.000000,0.370249,0.365043,0.349545,0.347061,0.371659
133.000000,0.373088,0.368374,0.351517,0.347958,0.380011
134.000000,0.376206,0.370870,0.353545,0.348967,0.379826
135.000000,0.377487,0.373302,0.355517,0.350003,0.378155
136.000000,0.378211,0.374332,0.357916,0.351188,0.381403
137.000000,0.380362,0.375305,0.360750,0.352666,0.382415
138.000000,0.380418,0.376753,0.363608,0.354043,0.380290
139.000000,0.380102,0.378154,0.366235,0.355413,0.378248
140.000000,0.380306,0.378897,0.368453,0.356827,0.379176
141.000000,0.379768,0.378989,0.370406,0.358339,0.378712
142.000000,0.379120,0.379741,0.372392,0.359611,0.379176
143.000000,0.379176,0.379797,0.374085,0.360944,0.380568
144.000000,0.379065,0.379583,0.375227,0.362224,0.377691
145.000000,0.379213,0.379760,0.376531,0.363598,0.379918
146.000000,0.379826,0.379797,0.377064,0.365209,0.381774
147.000000,0.380345,0.379733,0.377519,0.367078,0.381774
148.000000,0.379621,0.379399,0.378076,0.368872,0.376949
149.000000,0.379770,0.379417,0.378786,0.370629,0.378434
150.000000,0.379195,0.379204,0.379050,0.372036,0.377042
151.000000,0.377635,0.378731,0.378860,0.373181,0.373979
152.000000,0.370843,0.375594,0.377668,0.373459,0.347810
153.000000,0.367131,0.373376,0.376586,0.373849,0.358389
154.000000,0.364514,0.372142,0.375863,0.374199,0.365349
155.000000,0.361730,0.370462,0.375111,0.374508,0.363122
156.000000,0.357832,0.367734,0.373765,0.373954,0.354491
157.000000,0.358166,0.364504,0.372119,0.373181,0.349480
158.000000,0.354417,0.360774,0.370086,0.372309,0.339644
159.000000,0.348181,0.356347,0.367882,0.371306,0.334169
160.000000,0.342168,0.351949,0.365576,0.370016,0.333055
161.000000,0.338048,0.347940,0.363335,0.368553,0.333890
162.000000,0.335857,0.347012,0.361303,0.367449,0.338530
163.000000,0.335913,0.345165,0.359271,0.366113,0.339922
164.000000,0.335857,0.342019,0.357081,0.364581,0.333890
165.000000,0.335189,0.338679,0.354570,0.362967,0.329714
166.000000,0.333946,0.335997,0.351865,0.361176,0.327673
167.000000,0.331793,0.333825,0.349165,0.359354,0.327765
168.000000,0.329362,0.332637,0.346706,0.357603,0.327765
169.000000,0.328545,0.332201,0.344274,0.355989,0.329807
170.000000,0.330921,0.333055,0.342502,0.354736,0.341592
171.000000,0.336247,0.335097,0.341518,0.353922,0.354306
172.000000,0.340767,0.336280,0.341646,0.352962,0.350362
173.000000,0.345573,0.337468,0.341316,0.352003,0.351800
174.000000,0.349805,0.339175,0.340597,0.351112,0.350965
175.000000,0.351939,0.341430,0.340054,0.350190,0.352264
176.000000,0.352626,0.344437,0.340217,0.349389,0.357739
177.000000,0.354436,0.347601,0.340713,0.348644,0.359410
178.000000,0.355438,0.350506,0.341572,0.347972,0.356811
179.000000,0.356032,0.352919,0.342560,0.347156,0.353935
180.000000,0.356310,0.354125,0.343590,0.346376,0.353656
181.000000,0.356477,0.354552,0.344824,0.345863,0.358575
182.000000,0.355345,0.354890,0.345585,0.346061,0.353749
183.000000,0.355197,0.355317,0.346392,0.345983,0.356069
184.000000,0.355122,0.355577,0.347376,0.345591,0.353563
185.000000,0.355958,0.356134,0.348782,0.345414,0.357832
186.000000,0.354889,0.355683,0.350060,0.345372,0.353229
187.000000,0.355316,0.355330,0.351466,0.345586,0.355883
188.000000,0.357970,0.356583,0.353544,0.346575,0.369339
189.000000,0.363705,0.359414,0.356166,0.348178,0.382238
190.000000,0.368586,0.362272,0.358198,0.349817,0.382238
191.000000,0.374944,0.364916,0.359734,0.351522,0.385022
192.000000,0.378545,0.366930,0.360910,0.352700,0.373886
193.000000,0.379751,0.368860,0.362089,0.353882,0.375371
194.000000,0.379454,0.371579,0.363578,0.355444,0.380754
195.000000,0.378359,0.373473,0.364803,0.357012,0.376763
196.000000,0.377524,0.376234,0.365959,0.358785,0.380846
197.000000,0.380698,0.379621,0.367476,0.360851,0.389755
198.000000,0.383111,0.381431,0.369007,0.362840,0.387435
199.000000,0.383463,0.381459,0.370436,0.364597,0.382517
200.000000,0.386136,0.382248,0.372260,0.366215,0.390126
201.000000,0.387454,0.382489,0.373703,0.367319,0.387435
202.000000,0.386563,0.383630,0.375280,0.368484,0.385301
203.000000,0.386693,0.384902,0.376881,0.369693,0.388085
204.000000,0.388512,0.385987,0.378783,0.371048,0.391611
205.000000,0.390572,0.388354,0.380913,0.372653,0.400427
206.000000,0.390275,0.388864,0.382549,0.373594,0.385950
207.000000,0.387175,0.386869,0.383245,0.373940,0.369803
208.000000,0.383482,0.385087,0.383259,0.374367,0.369618
209.000000,0.378322,0.383417,0.382438,0.374763,0.365813
210.000000,0.373441,0.382006,0.382127,0.375509,0.376021
211.000000,0.375872,0.383073,0.382781,0.376826,0.398107
212.000000,0.383927,0.385551,0.384591,0.378704,0.410078
213.000000,0.388103,0.385793,0.385347,0.379852,0.390497
214.000000,0.393560,0.385941,0.385964,0.381169,0.393096
215.000000,0.392966,0.383203,0.385779,0.381677,0.373051
216.000000,0.389792,0.382832,0.385848,0.382644,0.382238
217.000000,0.384298,0.384113,0.385491,0.383534,0.382610
218.000000,0.382442,0.385273,0.385180,0.383930,0.381218
219.000000,0.381088,0.387324,0.385370,0.384066,0.386321
220.000000,0.383408,0.388187,0.385097,0.384147,0.384651
221.000000,0.384521,0.387157,0.385115,0.384240,0.387806
222.000000,0.389941,0.387120,0.386335,0.385434,0.409707
223.000000,0.393356,0.387899,0.386846,0.386198,0.398293
224.000000,0.397049,0.389068,0.387505,0.386999,0.404788
225.000000,0.402320,0.392864,0.388034,0.388140,0.411006
226.000000,0.407777,0.396149,0.389491,0.389282,0.415089
227.000000,0.408036,0.398988,0.391551,0.389990,0.411006
228.000000,0.410059,0.401707,0.393490,0.390689,0.408408
229.000000,0.411878,0.404464,0.395894,0.391735,0.413883
230.000000,-1234.000000,-1234.000000,-1234.000000,-1234.000000,-1234.000000
231.000000,0.411725,0.409531,0.397755,0.392693,-1234.000000
232.000000,0.408593,0.408284,0.397145,0.393147,0.398478
233.000000,0.406250,0.408366,0.397594,0.393525,0.399035
234.000000,0.401680,0.407346,0.397726,0.393662,0.395601
235.000000,0.402264,0.406634,0.399387,0.393806,0.404603
236.000000,0.399777,0.405087,0.400383,0.394331,0.401169
237.000000,0.399796,0.403706,0.401223,0.395323,0.398571
238.000000,0.400353,0.402974,0.402307,0.396433,0.401819
239.000000,0.400798,0.401190,0.402913,0.397537,0.397829
240.000000,0.399647,0.400956,0.403660,0.398325,0.398849
241.000000,0.396604,0.398190,0.403562,0.397905,0.385950
242.000000,0.395954,0.397875,0.402805,0.397397,0.395323
243.000000,0.395638,0.397996,0.402908,0.397733,0.400241
244.000000,0.395787,0.398293,0.402581,0.397921,0.398571
245.000000,0.398942,0.399295,0.402771,0.399355,0.414625
246.000000,0.404195,0.400399,0.402620,0.400388,0.412212
247.000000,0.409206,0.402580,0.403113,0.401691,0.420379
248.000000,0.412398,0.404018,0.403523,0.402897,0.416203
249.000000,0.415089,0.405438,0.403426,0.403784,0.412027
250.000000,0.414829,0.406886,0.403921,0.404772,0.413326
251.000000,0.415293,0.409744,0.403967,0.405694,0.414532
252.000000,0.414087,0.411646,0.404761,0.405854,0.414347
253.000000,0.413567,0.412983,0.405489,0.406382,0.413604
254.000000,0.414625,0.414857,0.406575,0.406814,0.417316
255.000000,0.415943,0.415386,0.407340,0.407121,0.419915
256.000000,0.415906,0.415599,0.407999,0.407096,0.414347
257.000000,0.416017,0.415052,0.408816,0.407230,0.414903
258.000000,0.414625,0.414096,0.409057,0.407169,0.406644
259.000000,0.413512,0.414068,0.409753,0.407096,0.411748
260.000000,0.412565,0.414254,0.410570,0.407365,0.415182
261.000000,0.411952,0.413929,0.411836,0.407288,0.411284
262.000000,0.412676,0.414347,0.412996,0.407956,0.418523
263.000000,0.415330,0.414978,0.413980,0.408652,0.419915
264.000000,0.420304,0.416908,0.415883,0.410019,0.436618
265.000000,0.426986,0.419775,0.417581,0.411485,0.448589
266.000000,0.437528,0.424740,0.420170,0.413580,0.463994
267.000000,0.441147,0.426912,0.420982,0.414848,0.436618
268.000000,0.454102,0.434716,0.424406,0.417610,0.484688
269.000000,0.470713,0.445509,0.429788,0.421672,0.519673
270.000000,0.480271,0.453628,0.433941,0.424923,0.496381
271.000000,0.486971,0.462249,0.438089,0.428641,0.497494
272.000000,0.501262,0.471205,0.442776,0.432399,0.508073
273.000000,0.505401,0.479751,0.447365,0.435904,0.505382
274.000000,0.503025,0.486869,0.451888,0.439545,0.507795
275.000000,0.505828,0.493049,0.456412,0.442737,0.510393
276.000000,0.503062,0.495017,0.459878,0.445119,0.483667
277.000000,0.498868,0.500065,0.463488,0.447343,0.487101
278.000000,0.495601,0.500501,0.467609,0.449771,0.489050
279.000000,0.495119,0.499072,0.472290,0.452883,0.505382
280.000000,0.494562,0.500195,0.476912,0.456026,0.507610
281.000000,0.499703,0.501383,0.481816,0.459187,0.509373
282.000000,0.504362,0.501615,0.486410,0.462389,0.510393
283.000000,0.511414,0.503508,0.491630,0.466079,0.524313
284.000000,0.526596,0.510857,0.498863,0.471545,0.581292
285.000000,0.541778,0.518170,0.505610,0.476998,0.583519
286.000000,0.556292,0.527997,0.511507,0.482585,0.581941
287.000000,0.570026,0.537194,0.518629,0.488057,0.579065
288.000000,0.581422,0.546418,0.523460,0.493878,0.581292
289.000000,0.587064,0.556830,0.527951,0.500470,0.609503
290.000000,0.597272,0.569525,0.534860,0.507783,0.634558
291.000000,0.610282,0.583287,0.542335,0.515640,0.646993
292.000000,0.626466,0.598246,0.549930,0.523688,0.659985
293.000000,0.644710,0.613066,0.558287,0.532108,0.672513
294.000000,0.654324,0.620694,0.565776,0.539474,0.657572
295.000000,0.662713,0.629993,0.574081,0.547071,0.676503
296.000000,0.666964,0.638623,0.583310,0.553879,0.668244
297.000000,0.679269,0.652867,0.595031,0.563375,0.721511
298.000000,0.684326,0.664518,0.605468,0.570479,0.697801
299.000000,0.691268,0.672796,0.614813,0.576233,0.692279
300.000000,0.693031,0.677872,0.623698,0.582531,0.685319
301.000000,0.693922,0.680443,0.631865,0.588371,0.672699
302.000000,0.683602,0.681436,0.639841,0.593765,0.669915
303.000000,0.681682,0.683004,0.648035,0.599859,0.688196
304.000000,0.680141,0.685704,0.653199,0.605752,0.684577
305.000000,0.679009,0.686020,0.658006,0.611394,0.679659
306.000000,0.680902,0.687412,0.663017,0.618011,0.682164
307.000000,0.676188,0.679895,0.666381,0.623319,0.646344
308.000000,0.666184,0.673933,0.669226,0.628290,0.638177
309.000000,0.657053,0.668597,0.670696,0.632741,0.638920
310.000000,0.650186,0.664597,0.671235,0.637331,0.645323
311.000000,0.645564,0.663233,0.671838,0.642321,0.659057
312.000000,0.650353,0.663270,0.672353,0.647651,0.670286
313.000000,0.658723,0.662454,0.672729,0.652841,0.680030
314.000000,0.667131,0.662092,0.673898,0.656163,0.680958
315.000000,0.673460,0.661823,0.673921,0.659278,0.676967
316.000000,0.675705,0.660635,0.674023,0.662223,0.670286
317.000000,0.670249,0.660301,0.670098,0.664354,0.643003
318.000000,0.663697,0.661210,0.667571,0.666554,0.647272
319.000000,0.660709,0.663920,0.666258,0.668438,0.666017
320.000000,0.659447,0.666453,0.665525,0.669641,0.670657
321.000000,0.654009,0.664857,0.664045,0.669511,0.643096
322.000000,0.653359,0.661804,0.662537,0.668837,0.639755
323.000000,0.654863,0.659280,0.660867,0.668246,0.654788
324.000000,0.652673,0.656691,0.659391,0.668162,0.655067
325.000000,0.649981,0.654714,0.658268,0.667519,0.657201
326.000000,0.652580,0.653294,0.656965,0.667114,0.656088
327.000000,0.657981,0.655670,0.657985,0.665289,0.666759
328.000000,0.658723,0.656793,0.659001,0.663979,0.658500
329.000000,0.657999,0.655336,0.659628,0.662618,0.651448
330.000000,0.653322,0.651652,0.659053,0.660901,0.633816
331.000000,0.648608,0.650594,0.657726,0.659561,0.632517
332.000000,0.638957,0.648469,0.655136,0.657848,0.618504
333.000000,0.631255,0.644989,0.652134,0.655574,0.619989
334.000000,0.622661,0.640330,0.648511,0.653038,0.608482
335.000000,0.617595,0.635458,0.645086,0.650665,0.608482
336.000000,0.612120,0.630364,0.641829,0.648098,0.605141
337.000000,0.608593,0.623775,0.639723,0.646582,0.600872
338.000000,0.605308,0.618281,0.637537,0.645428,0.603563
339.000000,0.604213,0.613437,0.634387,0.644231,0.603007
340.000000,0.597550,0.607572,0.629612,0.641892,0.575167
341.000000,0.588437,0.600278,0.625436,0.638576,0.559577
342.000000,0.579844,0.594219,0.621344,0.634830,0.557906
343.000000,0.572940,0.589124,0.617056,0.631131,0.569042
344.000000,0.564161,0.584187,0.612259,0.627069,0.559113
345.000000,0.561897,0.579723,0.607591,0.623299,0.563846
346.000000,0.565479,0.576958,0.603661,0.620205,0.577487
347.000000,0.568912,0.574378,0.599077,0.617941,0.575074
348.000000,0.571566,0.572253,0.595267,0.615776,0.582313
349.000000,0.577320,0.570741,0.592089,0.613171,0.587880
350.000000,0.584373,0.573135,0.590354,0.610786,0.599109
351.000000,0.588215,0.576847,0.588563,0.609240,0.596696
352.000000,0.594822,0.581867,0.588043,0.608185,0.608111
353.000000,0.599647,0.585607,0.587365,0.606573,0.606440
354.000000,0.604566,0.590943,0.587565,0.605153,0.612472
355.000000,0.603860,0.594117,0.586920,0.603099,0.595583
356.000000,0.604770,0.596492,0.586725,0.601271,0.601244
357.000000,0.603953,0.599388,0.586883,0.599180,0.604027
358.000000,0.609076,0.604362,0.588307,0.598299,0.632053
359.000000,0.618430,0.611498,0.591119,0.598559,0.659243
360.000000,0.634781,0.619321,0.596228,0.600009,0.677339
361.000000,0.649258,0.627014,0.601930,0.601380,0.673627
362.000000,0.660226,0.632090,0.606978,0.602725,0.658872
363.000000,0.660561,0.634818,0.610213,0.603183,0.633723
364.000000,0.655438,0.636934,0.613938,0.604021,0.633630
365.000000,0.648589,0.641685,0.617901,0.605175,0.643096
366.000000,0.641834,0.645546,0.621019,0.606332,0.639848
367.000000,0.640739,0.650483,0.624935,0.608083,0.653396
368.000000,0.645341,0.652951,0.628656,0.609855,0.656737
369.000000,0.653471,0.654454,0.632976,0.612231,0.674276
370.000000,0.652413,0.650501,0.634911,0.614319,0.637806
371.000000,0.649258,0.645546,0.636280,0.616469,0.624072
372.000000,0.645026,0.642882,0.637486,0.618946,0.632238
373.000000,0.640999,0.643170,0.638994,0.621198,0.636600
374.000000,0.628749,0.641110,0.639022,0.622996,0.613029
375.000000,0.620880,0.636646,0.639166,0.624149,0.598460
376.000000,0.614458,0.631858,0.638702,0.624632,0.591964
377.000000,0.606310,0.625668,0.638075,0.625179,0.591500
378.000000,0.601132,0.621065,0.637008,0.626126,0.610709
379.000000,0.596882,0.612816,0.633635,0.626256,0.591778
380.000000,0.595991,0.608435,0.629468,0.626086,0.594005
381.000000,0.595898,0.605178,0.625362,0.625913,0.591500
382.000000,0.593690,0.600000,0.621441,0.624991,0.580457
383.000000,0.587695,0.594414,0.618792,0.624134,0.580735
384.000000,0.586823,0.591852,0.616481,0.623299,0.587416
385.000000,0.585171,0.590581,0.613614,0.622971,0.585746
386.000000,0.585282,0.590590,0.611224,0.622665,0.592056
387.000000,0.586488,0.590089,0.607879,0.622080,0.586488
388.000000,0.593968,0.590831,0.605948,0.621616,0.618133
389.000000,0.601522,0.594172,0.603494,0.620481,0.625186
390.000000,0.611507,0.598339,0.603387,0.619092,0.635672
391.000000,0.620416,0.602849,0.604014,0.617858,0.636600
392.000000,0.628935,0.607712,0.603856,0.616865,0.629083
393.000000,0.629566,0.611767,0.603090,0.616450,0.621288
394.000000,0.627153,0.614337,0.603095,0.615767,0.613122
395.000000,0.622513,0.617010,0.603795,0.614746,0.612472
396.000000,0.616388,0.618402,0.604496,0.613617,0.605976
397.000000,0.607183,0.618059,0.604074,0.611272,0.583055
398.000000,0.597958,0.613762,0.602297,0.608553,0.575167
399.000000,0.592725,0.609939,0.602055,0.605642,0.586952
400.000000,0.585895,0.604204,0.601271,0.603659,0.578322
401.000000,0.589514,0.602951,0.602900,0.603659,0.624072
402.000000,0.600037,0.603610,0.605661,0.603774,0.635672
403.000000,0.609298,0.603628,0.607698,0.603270,0.621474
404.000000,0.616203,0.604464,0.609401,0.603551,0.621474
405.000000,0.625000,0.605447,0.611229,0.604346,0.622309
406.000000,0.627747,0.608630,0.613516,0.605874,0.637806
407.000000,0.627673,0.613855,0.615957,0.607334,0.635301
408.000000,0.631440,0.620369,0.617066,0.608321,0.640312
409.000000,0.637992,0.627097,0.618518,0.610403,0.654232
410.000000,0.645973,0.635486,0.619845,0.612676,0.662212
411.000000,0.650000,0.638873,0.620912,0.614891,0.657944
412.000000,0.655902,0.641787,0.622699,0.617703,0.664811
413.000000,0.663790,0.647615,0.625622,0.621003,0.679751
414.000000,0.672791,0.655392,0.629928,0.624731,0.699239
415.000000,0.683352,0.664662,0.635055,0.629040,0.715015
416.000000,0.696715,0.673357,0.640994,0.633463,0.724759
417.000000,0.708333,0.682118,0.647986,0.638010,0.722903
418.000000,0.721307,0.692548,0.656459,0.642227,0.744618
419.000000,0.734113,0.703452,0.665275,0.646829,0.763270
420.000000,0.742595,0.712973,0.674230,0.650888,0.757424
421.000000,0.753898,0.725306,0.682090,0.655710,0.781273
422.000000,0.767465,0.737899,0.689843,0.661099,0.790739
423.000000,0.778489,0.749898,0.698756,0.667047,0.799740
424.000000,0.785078,0.759595,0.707494,0.673150,0.796214
425.000000,0.793281,0.767938,0.716300,0.679349,0.798441
426.000000,0.798255,0.776076,0.724717,0.686021,0.806143
427.000000,0.798348,0.782906,0.732512,0.692960,0.791203
428.000000,0.794209,0.786349,0.739449,0.699756,0.779046
429.000000,0.791592,0.788335,0.745894,0.706295,0.783129
430.000000,0.788790,0.791036,0.752004,0.713165,0.784428
431.000000,0.786043,0.792149,0.758728,0.718776,0.792409
432.000000,0.789736,0.794042,0.765971,0.724576,0.809670
433.000000,0.789718,0.791964,0.770931,0.729826,0.778953
434.000000,0.786154,0.788873,0.774234,0.734620,0.765312
435.000000,0.781032,0.784911,0.776424,0.739170,0.758816
436.000000,0.773218,0.779631,0.777854,0.743022,0.753341
437.000000,0.764384,0.777060,0.779983,0.747361,0.765497
438.000000,0.760078,0.774898,0.780624,0.751265,0.757424
439.000000,0.757999,0.772077,0.780206,0.754621,0.754918
440.000000,0.757183,0.769107,0.780071,0.757705,0.754733
441.000000,0.757016,0.765117,0.778633,0.760857,0.752506
442.000000,0.756218,0.760301,0.777171,0.764081,0.761507
443.000000,0.754306,0.757192,0.774578,0.766351,0.747866
444.000000,0.748237,0.753118,0.770996,0.767196,0.724573
445.000000,0.745007,0.751095,0.768003,0.767981,0.738586
446.000000,0.740850,0.748933,0.764282,0.768213,0.731719
447.000000,0.732944,0.744581,0.760820,0.768182,0.721975
448.000000,0.726151,0.740228,0.757563,0.767159,0.713901
449.000000,0.726652,0.737444,0.754761,0.765952,0.727079
450.000000,0.724759,0.734883,0.751995,0.765009,0.729120
451.000000,0.727468,0.734159,0.749638,0.763808,0.745267
452.000000,0.734057,0.733500,0.746901,0.762614,0.754918
453.000000,0.738901,0.732526,0.744859,0.760561,0.738122
454.000000,0.747197,0.736925,0.745021,0.759639,0.768560
455.000000,0.754139,0.739449,0.745272,0.758485,0.763827
456.000000,0.762992,0.745230,0.747081,0.757931,0.789532
457.000000,0.791463,0.762760,0.753670,0.761467,0.897272
458.000000,0.829473,0.784187,0.762208,0.766438,0.928174
459.000000,0.872439,0.809818,0.773631,0.773113,0.983389
460.000000,0.910134,0.832136,0.783510,0.778709,0.952301
461.000000,0.943318,0.853155,0.793657,0.784144,0.955457
462.000000,0.956366,0.873914,0.803707,0.789238,0.962509
463.000000,0.960338,0.894905,0.813716,0.794874,0.948033
464.000000,0.954176,0.913307,0.825116,0.801117,0.952580
465.000000,0.958241,0.934187,0.836818,0.808244,0.972624
466.000000,0.958315,0.950817,0.848023,0.814993,0.955828
467.000000,0.960616,0.958491,0.860625,0.821944,0.974016
468.000000,0.966945,0.963641,0.873914,0.829352,0.979677
469.000000,0.969265,0.961720,0.885769,0.836328,0.964180
470.000000,0.965906,0.962073,0.897105,0.843031,0.955828
471.000000,0.966351,0.962333,0.907744,0.849882,0.958055
472.000000,0.964124,0.962370,0.918142,0.856595,0.962880
473.000000,0.961990,0.964467,0.929686,0.863966,0.969005
474.000000,0.964198,0.966732,0.940019,0.872321,0.975223
475.000000,0.967131,0.966518,0.950353,0.880051,0.970490
476.000000,0.971808,0.969079,0.959948,0.888375,0.981440
477.000000,0.978508,0.971316,0.964903,0.897522,0.996381
478.000000,0.984707,0.973348,0.968495,0.907059,1.000000
479.000000,0.986303,0.975251,0.968486,0.915596,0.983203
480.000000,0.986915,0.977023,0.969548,0.923744,0.973552
481.000000,0.983203,0.977506,0.969919,0.930998,0.962880
482.000000,0.970843,0.974675,0.968523,0.936987,0.934577
483.000000,0.956440,0.970573,0.967520,0.943315,0.927988
484.000000,0.948200,0.967251,0.966991,0.949097,0.942001
485.000000,0.941982,0.964449,0.965483,0.955051,0.942465
486.000000,0.942335,0.962769,0.965924,0.960888,0.964644
487.000000,0.942056,0.956450,0.963883,0.962085,0.933185
488.000000,0.944061,0.950251,0.961799,0.962413,0.938010
489.000000,0.936878,0.942539,0.958895,0.959837,0.906088
490.000000,0.930085,0.936034,0.956528,0.958377,0.908500
491.000000,0.912955,0.927645,0.952575,0.955828,0.878990
492.000000,0.886488,0.914272,0.944474,0.950439,0.800854
493.000000,0.855085,0.899573,0.935073,0.944871,0.780995
494.000000,0.828415,0.882647,0.924949,0.938877,0.772736
495.000000,0.803044,0.866565,0.915507,0.932511,0.781644
496.000000,0.780605,0.846780,0.904774,0.926209,0.766797
497.000000,0.775761,0.831125,0.893787,0.919630,0.776633
498.000000,0.775408,0.815247,0.882749,0.912949,0.779232
499.000000,0.776021,0.802218,0.872378,0.906669,0.775798
500.000000,0.776726,0.789885,0.862959,0.900981,0.785171
501.000000,0.783445,0.782025,0.854835,0.895725,0.800390
502.000000,0.784781,0.780271,0.847272,0.889740,0.783315
503.000000,0.782201,0.778805,0.839189,0.882984,0.766333
504.000000,0.774629,0.775325,0.828986,0.875074,0.737936
505.000000,0.761396,0.769061,0.817813,0.866691,0.719005
506.000000,0.740200,0.761823,0.804301,0.857124,0.694414
507.000000,0.720323,0.752552,0.791838,0.846709,0.683927
508.000000,0.709762,0.745982,0.780614,0.837160,0.713530
509.000000,0.703155,0.738892,0.770555,0.827883,0.704900
510.000000,0.699833,0.730614,0.760250,0.818844,0.702394
511.000000,0.702116,0.721158,0.751591,0.810276,0.705828
512.000000,0.707610,0.713966,0.747119,0.802837,0.711396
513.000000,0.705382,0.707572,0.743189,0.795317,0.702394
514.000000,0.707572,0.705364,0.740344,0.787778,0.715850
515.000000,0.715572,0.707702,0.738382,0.781109,0.742390
516.000000,0.724072,0.713094,0.737458,0.773899,0.748330
517.000000,0.736006,0.721808,0.737180,0.768495,0.771065
518.000000,0.744840,0.725111,0.735547,0.762113,0.746566
519.000000,0.746826,0.727199,0.733046,0.756103,0.725780
520.000000,0.739662,0.727617,0.729116,0.749372,0.706570
521.000000,0.728601,0.726336,0.723747,0.743173,0.693022
522.000000,0.712676,0.724341,0.719154,0.739526,0.691444
523.000000,0.680290,0.712565,0.710069,0.732981,0.584633
524.000000,0.651578,0.699202,0.702283,0.726630,0.582220
525.000000,0.626689,0.683176,0.695439,0.719980,0.582127
526.000000,0.608482,0.668541,0.690818,0.714486,0.601986
527.000000,0.599852,0.656264,0.689036,0.710208,0.648293
528.000000,0.611173,0.645731,0.685421,0.705608,0.641240
529.000000,0.619284,0.635431,0.681315,0.700507,0.622773
530.000000,0.623924,0.625306,0.676462,0.694512,0.605327
531.000000,0.623033,0.615757,0.671047,0.687751,0.597532
532.000000,0.613660,0.606756,0.665548,0.681688,0.601429
533.000000,0.606236,0.608705,0.660635,0.676281,0.604120
534.000000,0.601076,0.610180,0.654691,0.671582,0.596975
535.000000,0.601615,0.612769,0.647972,0.667882,0.608018
536.000000,0.603229,0.613131,0.640836,0.664922,0.605605
537.000000,0.603192,0.608426,0.632345,0.662166,0.601244
538.000000,0.604918,0.605577,0.625654,0.658807,0.612751
539.000000,0.610282,0.605679,0.620555,0.656103,0.623794
540.000000,0.613567,0.607591,0.616449,0.653505,0.624443
541.000000,0.618597,0.610913,0.613335,0.651002,0.630754
542.000000,0.624573,0.613883,0.610319,0.648327,0.631125
543.000000,0.628248,0.616583,0.612644,0.645951,0.631125
544.000000,0.627914,0.619098,0.614639,0.642827,0.622123
545.000000,0.618968,0.616268,0.614518,0.637404,0.579714
546.000000,0.617687,0.618142,0.615637,0.633271,0.624350
547.000000,0.615238,0.619905,0.614166,0.628198,0.618875
548.000000,0.618244,0.623246,0.614412,0.624852,0.646158
549.000000,0.621492,0.624703,0.615191,0.621938,0.638363
550.000000,0.634744,0.626856,0.617223,0.619918,0.645973
551.000000,0.641815,0.629751,0.620332,0.618807,0.659707
552.000000,0.650390,0.632814,0.623348,0.617817,0.661748
553.000000,0.655252,0.636748,0.626666,0.620679,0.670471
554.000000,0.659540,0.640516,0.629807,0.623265,0.659800
555.000000,0.662565,0.648654,0.632461,0.625897,0.661099
556.000000,0.660449,0.651132,0.634637,0.627468,0.649128
557.000000,0.659001,0.654696,0.637300,0.627676,0.654510
558.000000,0.656904,0.656078,0.639662,0.628301,0.659985
559.000000,0.658575,0.659057,0.641880,0.629813,0.668151
560.000000,0.661526,0.662045,0.644451,0.632164,0.675854
561.000000,0.667316,0.663883,0.646817,0.634849,0.678081
562.000000,0.671344,0.665173,0.648993,0.637290,0.674647
563.000000,0.676763,0.666834,0.651791,0.640055,0.687082
564.000000,0.680178,0.669376,0.654946,0.642997,0.685226
565.000000,0.681978,0.671752,0.660203,0.645558,0.684855
566.000000,0.683760,0.675538,0.663335,0.648271,0.686990
567.000000,0.686303,0.678823,0.666759,0.651141,0.687361
568.000000,0.684800,0.680781,0.668430,0.653369,0.679566
569.000000,0.685059,0.682619,0.670838,0.655460,0.686526
570.000000,0.686136,0.684057,0.673051,0.657653,0.690238
571.000000,0.687862,0.685811,0.674847,0.659815,0.695620
572.000000,0.688177,0.687240,0.676206,0.661742,0.688938
573.000000,0.688846,0.686823,0.676828,0.663468,0.682906
574.000000,0.686823,0.685941,0.677659,0.665278,0.676411
575.000000,0.685728,0.685932,0.678842,0.668779,0.684762
576.000000,0.683630,0.685746,0.680642,0.670805,0.685134
577.000000,0.686897,0.687537,0.683180,0.673685,0.705271
578.000000,0.692372,0.690609,0.685695,0.675823,0.710282
579.000000,0.697606,0.692214,0.687416,0.677963,0.702580
580.000000,0.704733,0.695230,0.689644,0.680444,0.720397
581.000000,0.720527,0.702079,0.693945,0.683924,0.764105
582.000000,0.727301,0.707099,0.697170,0.686504,0.739143
583.000000,0.734614,0.713493,0.700158,0.689050,0.746845
584.000000,0.739421,0.718513,0.702227,0.691277,0.726615
585.000000,0.734670,0.719701,0.702816,0.692462,0.696641
586.000000,0.726503,0.723515,0.704631,0.694933,0.723274
587.000000,0.722661,0.724981,0.706259,0.697114,0.719933
588.000000,0.713660,0.724137,0.707373,0.698509,0.701837
589.000000,0.710393,0.724907,0.708561,0.699913,0.710282
590.000000,0.715238,0.724954,0.710092,0.701414,0.720861
591.000000,0.713307,0.719905,0.710992,0.702598,0.713623
592.000000,0.711396,0.717029,0.712064,0.703789,0.710375
593.000000,0.709800,0.711730,0.712611,0.704015,0.693857
594.000000,0.707442,0.708918,0.713716,0.704457,0.698497
595.000000,0.703359,0.709298,0.714500,0.704977,0.700445
596.000000,0.701132,0.707220,0.715367,0.705494,0.702487
597.000000,0.701132,0.706264,0.715623,0.706261,0.710375
598.000000,0.701169,0.705484,0.714811,0.706743,0.694042
599.000000,0.695212,0.701327,0.713117,0.706149,0.668708
600.000000,0.688771,0.696065,0.710509,0.705416,0.668244
601.000000,0.681162,0.691147,0.705526,0.704377,0.664439
602.000000,0.665479,0.683305,0.700167,0.702478,0.631960
603.000000,0.654176,0.677673,0.694701,0.700965,0.637528
604.000000,0.647921,0.671566,0.690242,0.699666,0.637435
605.000000,0.642353,0.665562,0.687430,0.698187,0.640405
606.000000,0.639347,0.660254,0.683737,0.696996,0.649406
607.000000,0.644265,0.654872,0.680568,0.695372,0.656552
608.000000,0.648534,0.651355,0.678420,0.693659,0.658872
609.000000,0.650241,0.649081,0.675204,0.691772,0.645973
610.000000,0.652357,0.647355,0.671710,0.689458,0.650984
611.000000,0.653601,0.646474,0.668810,0.685842,0.655624
612.000000,0.652654,0.648460,0.665883,0.682931,0.651819
613.000000,0.651503,0.650019,0.663846,0.679807,0.653118
614.000000,0.652914,0.651578,0.661572,0.677354,0.653025
615.000000,0.652951,0.652654,0.659108,0.675838,0.651169
616.000000,0.651949,0.652775,0.656514,0.673416,0.650612
617.000000,0.651503,0.652079,0.653475,0.671072,0.649592
618.000000,0.651912,0.651707,0.651531,0.669516,0.655160
619.000000,0.651856,0.652385,0.650733,0.667598,0.652747
620.000000,0.646084,0.649517,0.648436,0.664313,0.622309
621.000000,0.637120,0.644534,0.645504,0.660718,0.605791
622.000000,0.631236,0.641370,0.644915,0.657712,0.620174
623.000000,0.624852,0.638382,0.644200,0.655358,0.623237
624.000000,0.621158,0.636507,0.644042,0.653217,0.634280
625.000000,0.627097,0.636591,0.644622,0.651602,0.652004
626.000000,0.633537,0.635329,0.644052,0.649452,0.637992
627.000000,0.637008,0.634122,0.643100,0.647024,0.637528
628.000000,0.641444,0.633148,0.642428,0.645403,0.645416
629.000000,0.643820,0.632489,0.642437,0.644652,0.646158
630.000000,0.639384,0.633241,0.641379,0.643371,0.629826
631.000000,0.640423,0.636980,0.640757,0.642663,0.643189
632.000000,0.639143,0.638075,0.639723,0.642635,0.631125
633.000000,0.635523,0.638484,0.638433,0.642295,0.627320
634.000000,0.634187,0.639003,0.637755,0.642363,0.639477
635.000000,0.636303,0.637843,0.637217,0.642363,0.640405
636.000000,0.638122,0.639272,0.637300,0.642459,0.652283
637.000000,0.644488,0.641815,0.637969,0.642672,0.662955
638.000000,0.654733,0.645128,0.639138,0.643328,0.678545
639.000000,0.664235,0.649211,0.640850,0.644695,0.686990
640.000000,0.675037,0.655670,0.644455,0.646143,0.694414
641.000000,0.684577,0.661349,0.649165,0.647621,0.699981
642.000000,0.696771,0.670629,0.654352,0.650025,0.723924
643.000000,0.703359,0.679046,0.658765,0.651970,0.711488
644.000000,0.710059,0.687147,0.663075,0.654219,0.720490
645.000000,0.706849,0.690943,0.664393,0.655126,0.678359
646.000000,0.700650,0.692613,0.665943,0.655738,0.668987
647.000000,0.686897,0.691834,0.666824,0.655924,0.655160
648.000000,0.671919,0.687639,0.666384,0.655305,0.636600
649.000000,0.658278,0.684169,0.666690,0.655290,0.652283
650.000000,0.653786,0.680317,0.667994,0.656409,0.655902
651.000000,0.648163,0.674406,0.667878,0.657579,0.640869
652.000000,0.644822,0.665859,0.668244,0.658188,0.638456
653.000000,0.644098,0.658009,0.668527,0.658513,0.632981
654.000000,0.640776,0.649527,0.668337,0.658559,0.635672
655.000000,0.636730,0.645258,0.668100,0.658015,0.635672
656.000000,0.634317,0.641240,0.666927,0.657708,0.628805
657.000000,0.631793,0.638307,0.665071,0.657319,0.625835
658.000000,0.630976,0.637537,0.662588,0.656768,0.628898
659.000000,0.629436,0.635106,0.659637,0.656162,0.627970
660.000000,0.630030,0.633380,0.656849,0.656456,0.638641
661.000000,0.630809,0.632563,0.653485,0.656106,0.632702
662.000000,0.633742,0.632767,0.649313,0.656419,0.640497
663.000000,0.635097,0.633036,0.645522,0.656697,0.635672
664.000000,0.635041,0.632238,0.640883,0.656304,0.627691
665.000000,0.628898,0.629464,0.637361,0.655221,0.607925
666.000000,0.622773,0.626791,0.634015,0.653548,0.602079
667.000000,0.614848,0.624295,0.631301,0.651479,0.600872
668.000000,0.606644,0.620870,0.629204,0.648682,0.594655
669.000000,0.596492,0.615767,0.625436,0.645014,0.576930
670.000000,0.592001,0.610449,0.621914,0.641382,0.585468
671.000000,0.587101,0.604937,0.618750,0.637302,0.577580
672.000000,0.585097,0.599972,0.616370,0.632866,0.590850
673.000000,0.584670,0.595657,0.614347,0.628901,0.592520
674.000000,0.585839,0.591166,0.611702,0.624310,0.582777
675.000000,0.584558,0.588280,0.608872,0.621000,0.579065
676.000000,0.585245,0.586173,0.606482,0.618068,0.581013
677.000000,0.583055,0.584076,0.604185,0.615559,0.579900
678.000000,0.581477,0.583073,0.601972,0.613827,0.584633
679.000000,0.580976,0.583408,0.599587,0.611427,0.580271
680.000000,0.581719,0.583138,0.596794,0.608989,0.582777
681.000000,0.581533,0.583389,0.594163,0.606963,0.580085
682.000000,0.581904,0.582480,0.591226,0.605073,0.581756
683.000000,0.580475,0.580976,0.588317,0.603223,0.577487
684.000000,0.579491,0.580234,0.585700,0.601213,0.575353
685.000000,0.575204,0.578461,0.583370,0.598735,0.561340
686.000000,0.572142,0.576837,0.581505,0.596600,0.564774
687.000000,0.569562,0.575733,0.579904,0.594701,0.568857
688.000000,0.568189,0.574332,0.578703,0.592759,0.570620
689.000000,0.566407,0.572949,0.578178,0.590708,0.566444
690.000000,0.569376,0.572290,0.577714,0.588626,0.576188
691.000000,0.573460,0.572801,0.578095,0.587042,0.585189
692.000000,0.575260,0.572411,0.577445,0.584954,0.577858
693.000000,0.576336,0.572262,0.576619,0.582965,0.576002
694.000000,0.581069,0.573738,0.576986,0.581712,0.590108
695.000000,0.587621,0.578499,0.578480,0.581746,0.608946
696.000000,0.595286,0.584373,0.580605,0.582461,0.623515
697.000000,0.606737,0.590999,0.583366,0.583602,0.635115
698.000000,0.618894,0.597615,0.585973,0.585007,0.636785
699.000000,0.627877,0.604473,0.588711,0.586943,0.635022
700.000000,0.630067,0.608844,0.590567,0.588091,0.619896
701.000000,0.628174,0.611730,0.592265,0.589306,0.614050
702.000000,0.625241,0.615989,0.594200,0.590293,0.620453
703.000000,0.627988,0.623441,0.597852,0.592227,0.650520
704.000000,0.630494,0.629185,0.601462,0.594386,0.647550
705.000000,0.630419,0.630243,0.604371,0.595734,0.619525
706.000000,0.629900,0.629037,0.606705,0.596749,0.611451
707.000000,0.625520,0.625380,0.608189,0.597371,0.598552
708.000000,0.609929,0.618959,0.608287,0.596969,0.572569
709.000000,0.592725,0.611609,0.608041,0.596344,0.561526
710.000000,0.582313,0.606366,0.607605,0.595833,0.567465
711.000000,0.574313,0.602107,0.606918,0.595546,0.571455
712.000000,0.566054,0.595787,0.605888,0.594729,0.557257
713.000000,0.562565,0.586247,0.604844,0.593984,0.555122
714.000000,0.563734,0.578229,0.603707,0.593718,0.567372
715.000000,0.564458,0.573385,0.601814,0.594042,0.571084
716.000000,0.563010,0.568662,0.598849,0.594024,0.564217
717.000000,0.564310,0.565182,0.595281,0.593854,0.563753
718.000000,0.566648,0.564607,0.591783,0.593727,0.566815
719.000000,0.565813,0.564774,0.588191,0.593619,0.563196
720.000000,0.562565,0.563512,0.584939,0.592907,0.554844
721.000000,0.559187,0.561099,0.581603,0.591645,0.547327
722.000000,0.554473,0.559391,0.577589,0.590389,0.540182
723.000000,0.546028,0.556338,0.571293,0.588675,0.524592
724.000000,0.542873,0.554343,0.566286,0.587253,0.547420
725.000000,0.540367,0.551466,0.562426,0.585032,0.542316
726.000000,0.540980,0.550084,0.559373,0.582594,0.550390
727.000000,0.544859,0.549666,0.557424,0.580076,0.559577
728.000000,0.555512,0.550770,0.557688,0.578112,0.577858
729.000000,0.561841,0.552357,0.558565,0.576247,0.579065
730.000000,0.573460,0.556914,0.560213,0.575597,0.600408
731.000000,0.583723,0.562352,0.561725,0.575186,0.601707
732.000000,0.591722,0.568291,0.563841,0.574490,0.599573
733.000000,0.591889,0.573701,0.565019,0.572095,0.578693
734.000000,0.595026,0.578434,0.566388,0.570335,0.594748
735.000000,0.588549,0.581004,0.566235,0.568619,0.568022
736.000000,0.579751,0.581737,0.565910,0.566828,0.557721
737.000000,0.574462,0.583092,0.566379,0.565980,0.573125
738.000000,0.575557,0.583723,0.567247,0.566367,0.584169
739.000000,0.571863,0.583445,0.567901,0.566858,0.576281
740.000000,0.573311,0.580930,0.568922,0.567118,0.575260
741.000000,0.575984,0.577867,0.570110,0.567106,0.571084
742.000000,0.571362,0.572912,0.570601,0.566865,0.550019
743.000000,0.565887,0.570722,0.572211,0.566920,0.556793
744.000000,0.561971,0.566917,0.572675,0.566565,0.556700
745.000000,0.557999,0.565655,0.573330,0.566042,0.555401
746.000000,0.553563,0.564774,0.573255,0.565531,0.548905
747.000000,0.547327,0.559345,0.571218,0.564034,0.518838
748.000000,0.540980,0.553434,0.568578,0.562642,0.525056
749.000000,0.536915,0.549443,0.566444,0.561748,0.536377
750.000000,0.531273,0.544636,0.562783,0.560827,0.527190
751.000000,0.526837,0.540200,0.559034,0.560140,0.526726
752.000000,0.526800,0.537064,0.554988,0.559422,0.518653
753.000000,0.527580,0.534280,0.552501,0.559568,0.528953
754.000000,0.527209,0.532062,0.549490,0.559138,0.534521
755.000000,0.526615,0.528944,0.547300,0.558534,0.524220
756.000000,0.526021,0.526429,0.545601,0.557647,0.523756
757.000000,0.528099,0.527450,0.543397,0.556629,0.529046
758.000000,0.527710,0.527645,0.540539,0.554934,0.527004
759.000000,0.522699,0.524954,0.537198,0.552614,0.509465
760.000000,0.518077,0.522346,0.533491,0.549304,0.501114
761.000000,0.513660,0.519840,0.530020,0.545969,0.501670
762.000000,0.506440,0.517270,0.527167,0.542415,0.492947
763.000000,0.496344,0.512027,0.523153,0.539010,0.476522
764.000000,0.487713,0.505206,0.518634,0.534728,0.466314
765.000000,0.479380,0.498729,0.513836,0.531109,0.459447
766.000000,0.470731,0.492196,0.509312,0.527799,0.458426
767.000000,0.462880,0.484660,0.506055,0.523818,0.453693
768.000000,0.460375,0.478359,0.503002,0.519813,0.463994
769.000000,0.462546,0.475130,0.500042,0.516509,0.477171
770.000000,0.464755,0.472068,0.497207,0.513017,0.470490
771.000000,0.464291,0.467511,0.493676,0.509184,0.456106
772.000000,0.463827,0.463354,0.490312,0.505896,0.451373
773.000000,0.460022,0.460199,0.486113,0.502168,0.444970
774.000000,0.453619,0.458083,0.481644,0.498450,0.445156
775.000000,0.445843,0.455299,0.477014,0.494324,0.431607
776.000000,0.441388,0.452840,0.472518,0.490488,0.433834
777.000000,0.437880,0.450854,0.467757,0.487655,0.433834
778.000000,0.437546,0.448784,0.463572,0.484929,0.443300
779.000000,0.432591,0.443105,0.459117,0.481063,0.420379
780.000000,0.432739,0.439291,0.455679,0.477902,0.432350
781.000000,0.432071,0.436730,0.452120,0.474694,0.430494
782.000000,0.433185,0.435533,0.449443,0.472052,0.439402
783.000000,0.433055,0.435301,0.447750,0.469175,0.442650
784.000000,0.435282,0.433937,0.446010,0.465742,0.431514
785.000000,0.436006,0.434373,0.444836,0.462800,0.435969
786.000000,0.440071,0.436071,0.444455,0.460369,0.450817
787.000000,0.447494,0.440340,0.445597,0.458618,0.476522
788.000000,0.453805,0.443430,0.446107,0.456858,0.474202
789.000000,0.464829,0.450056,0.446580,0.456097,0.486637
790.000000,0.473831,0.454918,0.447105,0.455426,0.480976
791.000000,0.481162,0.460616,0.448673,0.454952,0.487472
792.000000,0.482610,0.465052,0.450292,0.454646,0.483760
793.000000,0.483760,0.468782,0.452042,0.454761,0.479955
794.000000,0.481904,0.473367,0.453652,0.455129,0.477357
795.000000,0.488697,0.481264,0.457818,0.456978,0.514941
796.000000,0.493077,0.487120,0.461595,0.458677,0.509373
797.000000,0.498293,0.490451,0.465395,0.460548,0.509837
798.000000,0.503359,0.493560,0.468495,0.461925,0.505290
799.000000,0.509948,0.495926,0.472991,0.463029,0.510301
800.000000,0.505883,0.497290,0.476104,0.463833,0.494618
801.000000,0.504195,0.498636,0.479626,0.465327,0.500928
802.000000,0.502877,0.500585,0.482818,0.467056,0.503248
803.000000,0.505605,0.504482,0.486632,0.469522,0.518931
804.000000,0.504343,0.507146,0.490256,0.471483,0.503990
805.000000,0.506013,0.505948,0.493606,0.473862,0.502970
806.000000,0.507572,0.505883,0.496501,0.476358,0.508723
807.000000,0.509633,0.506255,0.498353,0.479015,0.513549
808.000000,0.511062,0.508333,0.500947,0.481774,0.526076
809.000000,0.517725,0.511034,0.503480,0.485672,0.537305
810.000000,0.525223,0.515618,0.506454,0.489276,0.540460
811.000000,0.533092,0.520332,0.509484,0.493195,0.548070
812.000000,0.540386,0.525009,0.512797,0.496882,0.550019
813.000000,0.544395,0.527728,0.516105,0.500331,0.546121
814.000000,0.546418,0.532071,0.519608,0.504195,0.547420
815.000000,0.546975,0.536099,0.521024,0.507770,0.543244
816.000000,0.543875,0.538484,0.522184,0.510496,0.532572
817.000000,0.539662,0.540024,0.523139,0.512243,0.528953
818.000000,0.537788,0.541091,0.524712,0.514328,0.536748
819.000000,0.536637,0.541527,0.526281,0.516162,0.541667
820.000000,0.534336,0.540655,0.528137,0.517854,0.531737
821.000000,0.533129,0.538502,0.529417,0.519157,0.526540
822.000000,0.532572,0.536117,0.530563,0.520570,0.526169
823.000000,0.531719,0.534753,0.531241,0.522321,0.532480
824.000000,0.530290,0.533463,0.532767,0.524227,0.534521
825.000000,0.531403,0.532869,0.534484,0.524972,0.537305
826.000000,0.533964,0.533547,0.536015,0.525971,0.539347
827.000000,0.537955,0.535264,0.537644,0.527181,0.546121
828.000000,0.540590,0.536154,0.538623,0.528526,0.545657
829.000000,0.543838,0.537064,0.539296,0.529875,0.550761
830.000000,0.544636,0.538020,0.539337,0.531431,0.541295
831.000000,0.544655,0.539310,0.538906,0.532715,0.539439
832.000000,0.541518,0.539736,0.537927,0.533621,0.530438
833.000000,0.537287,0.538938,0.536846,0.533807,0.524499
834.000000,0.528916,0.536377,0.534920,0.533971,0.508909
835.000000,0.517298,0.530967,0.531918,0.533312,0.483203
836.000000,0.507851,0.526253,0.529900,0.532761,0.492205
837.000000,0.499944,0.520731,0.527997,0.532006,0.490906
838.000000,0.490831,0.514059,0.525107,0.530435,0.478935
839.000000,0.485505,0.507210,0.522137,0.528601,0.482275
840.000000,0.484892,0.501095,0.519557,0.526590,0.480141
841.000000,0.482146,0.494998,0.517154,0.524270,0.478471
842.000000,0.480122,0.490033,0.514885,0.521962,0.480791
843.000000,0.479807,0.485319,0.512129,0.519670,0.477357
844.000000,0.478062,0.481784,0.509080,0.517208,0.473552
845.000000,0.475186,0.480039,0.505503,0.514625,0.465757
846.000000,0.471362,0.476754,0.501503,0.512184,0.459354
847.000000,0.467502,0.473812,0.497272,0.509936,0.461488
848.000000,0.465367,0.472587,0.493323,0.507600,0.466685
849.000000,0.462361,0.470212,0.488711,0.504829,0.458519
850.000000,0.460932,0.468059,0.484577,0.502391,0.458612
851.000000,0.460932,0.466147,0.480573,0.500152,0.459354
852.000000,0.457164,0.462333,0.476183,0.497368,0.442650
853.000000,0.450724,0.458046,0.471682,0.494101,0.434484
854.000000,0.445397,0.453879,0.467831,0.490680,0.431886
855.000000,0.441054,0.450993,0.465516,0.487333,0.436897
856.000000,0.434911,0.447921,0.462338,0.483643,0.428638
857.000000,0.432498,0.444831,0.459322,0.479792,0.430586
858.000000,0.431459,0.441091,0.456839,0.475913,0.429287
859.000000,0.429584,0.437491,0.453851,0.471638,0.422513
860.000000,0.428545,0.434800,0.451429,0.467984,0.431700
861.000000,0.429751,0.432331,0.449239,0.464492,0.434670
862.000000,0.430308,0.431403,0.446868,0.461256,0.433370
863.000000,0.430976,0.431218,0.444632,0.458194,0.432628
864.000000,0.433370,0.431477,0.442678,0.455713,0.434484
865.000000,0.433148,0.430846,0.440920,0.453959,0.430586
866.000000,0.431292,0.430522,0.439221,0.451732,0.425390
867.000000,0.429380,0.429844,0.437338,0.449496,0.423812
868.000000,0.426021,0.428499,0.434795,0.447392,0.415831
869.000000,0.419581,0.426476,0.431983,0.444726,0.402283
870.000000,0.413270,0.423209,0.429004,0.442022,0.399035
871.000000,0.409169,0.420230,0.426281,0.439569,0.404881
872.000000,0.404584,0.416982,0.424193,0.436906,0.400891
873.000000,0.400130,0.413075,0.422146,0.434113,0.393560
874.000000,0.394265,0.406923,0.419200,0.430760,0.372958
875.000000,0.391036,0.402153,0.416500,0.427997,0.382888
876.000000,0.386526,0.397847,0.414184,0.425430,0.382331
877.000000,0.380624,0.392604,0.411224,0.422426,0.371381
878.000000,0.378860,0.389495,0.408997,0.419695,0.384744
879.000000,0.380364,0.387314,0.406895,0.417094,0.380475
880.000000,0.379454,0.385245,0.404227,0.414418,0.378341
881.000000,0.381552,0.384039,0.402134,0.412200,0.392817
882.000000,0.384762,0.382693,0.399838,0.410359,0.387435
883.000000,0.383333,0.381097,0.397086,0.408463,0.377598
884.000000,0.382962,0.381663,0.394293,0.406688,0.378619
885.000000,0.386099,0.382777,0.392465,0.405259,0.394024
886.000000,0.388920,0.385236,0.391541,0.404535,0.406923
887.000000,0.393151,0.388957,0.390780,0.403802,0.408593
888.000000,0.402914,0.393124,0.391309,0.403706,0.426411
889.000000,0.413493,0.398228,0.392771,0.404006,0.431514
890.000000,0.418782,0.402441,0.393843,0.403632,0.420471
891.000000,0.419079,0.404000,0.394019,0.402756,0.408408
892.000000,0.417706,0.405429,0.394061,0.401701,0.401726
893.000000,0.411841,0.407378,0.394237,0.400517,0.397086
894.000000,0.404139,0.408816,0.395239,0.399134,0.393003
895.000000,0.399814,0.409298,0.396037,0.398076,0.398849
896.000000,0.398144,0.408612,0.396924,0.397232,0.400056
897.000000,0.400316,0.409011,0.398984,0.396857,0.412584
898.000000,0.402598,0.407220,0.400172,0.396613,0.408500
899.000000,0.406218,0.405178,0.401703,0.396907,0.411099
900.000000,0.409224,0.404519,0.403480,0.397402,0.413883
901.000000,0.413474,0.405809,0.404904,0.397949,0.421307
902.000000,0.414514,0.407415,0.406422,0.398512,0.417780
903.000000,0.417780,0.410189,0.408783,0.399555,0.424833
904.000000,0.420026,0.413122,0.410969,0.401200,0.422327
905.000000,0.422439,0.415831,0.412565,0.402635,0.425947
906.000000,0.423181,0.418328,0.413470,0.404058,0.425019
907.000000,0.424165,0.419339,0.414175,0.405769,0.422699
908.000000,0.422810,0.420295,0.413757,0.406879,0.418059
909.000000,0.424406,0.422216,0.413697,0.408541,0.430308
910.000000,0.426652,0.424545,0.414532,0.410502,0.437175
911.000000,0.427023,0.425102,0.415456,0.411637,0.426875
912.000000,0.425297,0.424731,0.416073,0.412525,0.414068
913.000000,0.420991,0.421901,0.416045,0.413156,0.396529
914.000000,0.415924,0.420165,0.416643,0.414034,0.404974
915.000000,0.410820,0.418736,0.417284,0.414622,0.411656
916.000000,0.406719,0.416871,0.417599,0.414603,0.406366
917.000000,0.405327,0.415312,0.417326,0.414554,0.407108
918.000000,0.407127,0.414059,0.417177,0.413858,0.405531
919.000000,0.407814,0.411869,0.417043,0.413088,0.408408
920.000000,0.406106,0.408463,0.416504,0.412509,0.403118
921.000000,0.405661,0.406190,0.415646,0.412367,0.404139
922.000000,0.402394,0.403860,0.414296,0.412002,0.390776
923.000000,0.399035,0.403081,0.412491,0.411724,0.388734
924.000000,0.395174,0.401494,0.410830,0.411594,0.389105
925.000000,0.391945,0.399026,0.408881,0.411198,0.386971
926.000000,0.386581,0.396121,0.406496,0.410440,0.377320
927.000000,0.383426,0.392910,0.404111,0.409187,0.375000
928.000000,0.380252,0.389644,0.401851,0.407999,0.372866
929.000000,0.373107,0.384141,0.398005,0.406075,0.353378
930.000000,0.366611,0.379278,0.393871,0.404096,0.354491
931.000000,0.361971,0.374276,0.390233,0.401856,0.354120
932.000000,0.357962,0.370694,0.387277,0.399762,0.354955
933.000000,0.355178,0.367715,0.385398,0.397566,0.358946
934.000000,0.355772,0.364439,0.382967,0.395366,0.356347
935.000000,0.356459,0.361535,0.380280,0.393099,0.357925
936.000000,0.356849,0.359410,0.377765,0.390801,0.356069
937.000000,0.357034,0.357498,0.375204,0.388573,0.355883
938.000000,0.356644,0.355911,0.372777,0.386538,0.356997
939.000000,0.355605,0.355689,0.369915,0.383899,0.351151
940.000000,0.353628,0.355044,0.367161,0.380928,0.348042
941.000000,0.350158,0.353503,0.363890,0.377990,0.338716
942.000000,0.345573,0.351304,0.360999,0.375286,0.332962
943.000000,0.340154,0.348399,0.358057,0.373065,0.329900
944.000000,0.335440,0.345522,0.354981,0.370485,0.327580
945.000000,0.330438,0.342033,0.351784,0.367531,0.323033
946.000000,0.329751,0.339955,0.349682,0.365162,0.335282
947.000000,0.330661,0.338117,0.347808,0.362842,0.337509
948.000000,0.332275,0.336215,0.346063,0.360590,0.337973
949.000000,0.333092,0.334266,0.344977,0.358032,0.331663
950.000000,0.335356,0.332897,0.343970,0.355740,0.334354
951.000000,0.335598,0.332674,0.343089,0.353485,0.336488
952.000000,0.335486,0.333073,0.342189,0.351690,0.336952
953.000000,0.335134,0.333705,0.341052,0.349940,0.336210
954.000000,0.335950,0.334521,0.340022,0.348161,0.335746
955.000000,0.335505,0.335431,0.338732,0.346333,0.332127
956.000000,0.334725,0.335161,0.337558,0.344842,0.332591
957.000000,0.333556,0.334521,0.336319,0.343379,0.331106
958.000000,0.332016,0.333575,0.334895,0.341900,0.328508
959.000000,0.331143,0.333547,0.333906,0.341167,0.331385
960.000000,0.329863,0.332684,0.332790,0.340208,0.325724
961.000000,0.328229,0.331477,0.332076,0.339218,0.324425
962.000000,0.326986,0.330271,0.331672,0.338216,0.324889
963.000000,0.325427,0.328721,0.331213,0.336942,0.320713
964.000000,0.324480,0.327812,0.331166,0.335952,0.326652
965.000000,0.325223,0.327543,0.331487,0.335002,0.329436
966.000000,0.325297,0.326763,0.330962,0.333960,0.324796
967.000000,0.323794,0.325390,0.329955,0.332676,0.317372
968.000000,0.323961,0.324694,0.329134,0.331494,0.321548
969.000000,0.320898,0.322689,0.328118,0.330167,0.311340
970.000000,0.316815,0.321019,0.326851,0.328867,0.309020
971.000000,0.311897,0.318597,0.325037,0.327583,0.300204
972.000000,0.308556,0.316175,0.323223,0.326506,0.300668
973.000000,0.303916,0.313938,0.321330,0.325455,0.298348
974.000000,0.304102,0.312500,0.320156,0.324944,0.312268
975.000000,0.313474,0.315145,0.321344,0.326039,0.355883
976.000000,0.325167,0.318532,0.322648,0.326819,0.358667
977.000000,0.335932,0.322244,0.323817,0.327385,0.354491
978.000000,0.345676,0.324796,0.324745,0.327688,0.347068
979.000000,0.355419,0.329761,0.326225,0.328666,0.360987
980.000000,0.355512,0.334493,0.327756,0.329399,0.356347
981.000000,0.357090,0.341128,0.329863,0.330401,0.366555
982.000000,0.360338,0.348135,0.332155,0.331527,0.370731
983.000000,0.364050,0.354863,0.334401,0.332507,0.365627
984.000000,0.366648,0.361034,0.336767,0.333782,0.373979
985.000000,0.369618,0.362565,0.338855,0.335084,0.371195
986.000000,0.368504,0.362797,0.340664,0.336031,0.360987
987.000000,0.364885,0.362611,0.342428,0.336748,0.352635
988.000000,0.362843,0.363447,0.344121,0.337645,0.355419
989.000000,0.360709,0.363679,0.346720,0.338709,0.363307
990.000000,0.362565,0.366091,0.350292,0.340535,0.380475
991.000000,0.367762,0.368133,0.354631,0.342619,0.386971
992.000000,0.375928,0.370406,0.359271,0.344905,0.393467
993.000000,0.382331,0.372587,0.363725,0.347129,0.387435
994.000000,0.386136,0.373422,0.367228,0.348985,0.382331
995.000000,0.387806,0.375186,0.368875,0.350965,0.388827
996.000000,0.388456,0.378109,0.370453,0.353146,0.390219
997.000000,0.388734,0.382331,0.372471,0.355729,0.394859
998.000000,0.390776,0.386553,0.375000,0.358265,0.397643
999.000000,0.395416,0.390776,0.377227,0.361405,0.405531
1000.000000,0.399035,0.393421,0.379756,0.364668,0.406923
1001.000000,0.402190,0.395323,0.381728,0.368195,0.405995
1002.000000,0.403211,0.395973,0.383189,0.371505,0.399963
1003.000000,0.403860,0.397318,0.384953,0.374923,0.400891
1004.000000,0.401633,0.398524,0.385973,0.377660,0.394395
1005.000000,0.397179,0.398107,0.386646,0.378619,0.384651
1006.000000,0.392632,0.397411,0.387760,0.379439,0.383259
1007.000000,0.387435,0.395323,0.388827,0.380088,0.373979
1008.000000,0.383723,0.393792,0.390173,0.381264,0.382331
1009.000000,0.381682,0.391657,0.391217,0.382037,0.384187
1010.000000,0.381960,0.389569,0.391495,0.383027,0.386043
1011.000000,0.383816,0.388224,0.391773,0.383893,0.392539
1012.000000,0.387064,0.387249,0.391611,0.384543,0.390219
1013.000000,0.389291,0.386507,0.391913,0.385471,0.393467
1014.000000,0.393374,0.387528,0.393026,0.386492,0.404603
1015.000000,0.395601,0.388781,0.393444,0.387358,0.397179
1016.000000,0.397550,0.390683,0.394047,0.388734,0.402283
1017.000000,0.397736,0.392400,0.393861,0.390018,0.391147
1018.000000,0.396715,0.393003,0.393397,0.391116,0.388363
1019.000000,0.391518,0.392446,0.392052,0.391626,0.378619
1020.000000,0.389755,0.392678,0.391124,0.391889,0.388363
1021.000000,0.384651,0.391101,0.389662,0.391549,0.376763
1022.000000,0.381218,0.389477,0.388363,0.390900,0.373979
1023.000000,0.378990,0.387853,0.387180,0.390559,0.377227
1024.000000,0.376856,0.384187,0.385857,0.390080,0.367947
1025.000000,0.367298,0.378526,0.383653,0.388471,0.340572
1026.000000,0.352821,0.368736,0.379710,0.385610,0.304380
1027.000000,0.335189,0.358203,0.375302,0.381975,0.285820
1028.000000,0.312732,0.345861,0.369432,0.377552,0.264941
1029.000000,0.294636,0.335746,0.364096,0.373283,0.277468
1030.000000,0.281923,0.324610,0.358644,0.368953,0.277004
1031.000000,0.278304,0.315562,0.353331,0.364962,0.286284
1032.000000,0.277376,0.306282,0.347880,0.361003,0.281180
1033.000000,0.279603,0.296167,0.342010,0.356842,0.276076
1034.000000,0.279603,0.287120,0.335653,0.352945,0.277468
1035.000000,0.279881,0.280902,0.329714,0.349403,0.278396
1036.000000,0.278768,0.278536,0.323636,0.345985,0.280716
1037.000000,0.277840,0.277608,0.317906,0.342737,0.276540
1038.000000,0.280531,0.280067,0.312964,0.339644,0.289532
1039.000000,0.282665,0.281134,0.308440,0.336442,0.288140
1040.000000,0.281923,0.280902,0.302756,0.332730,0.274684
1041.000000,0.281830,0.280299,0.297931,0.328987,0.280252
1042.000000,0.281737,0.279788,0.293035,0.325183,0.276076
1043.000000,0.278953,0.279742,0.287955,0.321254,0.275612
1044.000000,0.277097,0.279881,0.283500,0.317063,0.278860
1045.000000,0.278396,0.280160,0.280531,0.313196,0.281180
1046.000000,0.277561,0.279696,0.279116,0.308989,0.276076
1047.000000,0.277840,0.279788,0.278698,0.305200,0.277468
1048.000000,0.278675,0.278814,0.279440,0.301581,0.279788
1049.000000,0.281088,0.279092,0.280113,0.298658,0.290924
1050.000000,0.283779,0.281088,0.280995,0.295533,0.294636
1051.000000,0.284800,0.281180,0.280740,0.292347,0.281180
1052.000000,0.283129,0.280484,0.280136,0.288852,0.269117
1053.000000,0.280345,0.279510,0.279626,0.285140,0.265869
1054.000000,0.274684,0.277886,0.278884,0.281629,0.262621
1055.000000,0.269581,0.276680,0.278420,0.279247,0.269117
1056.000000,0.268931,0.276865,0.278280,0.278366,0.277932
1057.000000,0.271344,0.277236,0.278512,0.278211,0.281180
1058.000000,0.273849,0.277097,0.277956,0.278659,0.278396
1059.000000,0.275705,0.275195,0.277144,0.278474,0.271901
1060.000000,0.276262,0.272921,0.277004,0.278304,0.271901
1061.000000,0.273293,0.271112,0.276146,0.277530,0.263085
1062.000000,0.267817,0.269581,0.275032,0.276618,0.253805
1063.000000,0.262621,0.268235,0.273872,0.275829,0.252413
1064.000000,0.256774,0.266240,0.272063,0.274669,0.242669
1065.000000,0.251949,0.264105,0.270393,0.273648,0.247773
1066.000000,0.248979,0.261136,0.269001,0.272566,0.248237
1067.000000,0.248144,0.257981,0.267609,0.271669,0.249629
1068.000000,0.247866,0.255243,0.266170,0.270385,0.251021
1069.000000,0.250928,0.253851,0.264523,0.269379,0.257981
1070.000000,0.250464,0.251206,0.262064,0.268405,0.245453
1071.000000,0.248051,0.248515,0.259813,0.266936,0.236173
1072.000000,0.245360,0.246752,0.258166,0.265606,0.236173
1073.000000,0.240813,0.244339,0.256287,0.264028,0.228285
1074.000000,0.233482,0.242205,0.254222,0.262110,0.221325
1075.000000,0.227821,0.239143,0.251624,0.259976,0.217149
1076.000000,0.224573,0.236312,0.248724,0.258104,0.219933
1077.000000,0.221232,0.233296,0.245638,0.256171,0.219469
1078.000000,0.220026,0.230419,0.242831,0.254253,0.222253
1079.000000,0.221511,0.227496,0.240674,0.252181,0.228749
1080.000000,0.222810,0.225316,0.238261,0.249814,0.223645
1081.000000,0.223181,0.223877,0.236196,0.247835,0.221789
1082.000000,0.224852,0.223042,0.234897,0.246458,0.227821
1083.000000,0.224573,0.222300,0.233319,0.244958,0.220861
1084.000000,0.224016,0.222764,0.232484,0.243736,0.225965
1085.000000,0.224852,0.223831,0.231487,0.242360,0.227821
1086.000000,0.226244,0.224712,0.230512,0.240720,0.228749
1087.000000,0.226522,0.225687,0.229491,0.238988,0.229213
1088.000000,0.242019,0.233296,0.231858,0.239653,0.298348
1089.000000,0.263363,0.243690,0.235593,0.241679,0.332684
1090.000000,0.283964,0.254408,0.239862,0.243643,0.330828
1091.000000,0.302803,0.264523,0.244200,0.245638,0.322940
1092.000000,0.320713,0.273617,0.248330,0.247804,0.318764
1093.000000,0.326188,0.284104,0.253202,0.250247,0.325724
1094.000000,0.325353,0.294358,0.258561,0.253109,0.328508
1095.000000,0.325909,0.304937,0.264384,0.255970,0.333612
1096.000000,0.324889,0.313846,0.269279,0.258290,0.317836
1097.000000,0.323404,0.322058,0.273872,0.260347,0.311340
1098.000000,0.319135,0.322661,0.277979,0.262126,0.304380
1099.000000,0.313938,0.319646,0.281668,0.263610,0.302524
1100.000000,0.309298,0.317604,0.286006,0.265776,0.310412
1101.000000,0.303823,0.314356,0.289439,0.267585,0.290460
1102.000000,0.298255,0.310830,0.292223,0.269163,0.283500
1103.000000,0.295564,0.307350,0.295727,0.271251,0.290924
1104.000000,0.294451,0.304195,0.299276,0.273772,0.296956
1105.000000,0.295007,0.302153,0.303545,0.276974,0.313196
1106.000000,0.300575,0.302199,0.308022,0.280252,0.318300
1107.000000,0.307628,0.302942,0.312500,0.283562,0.318764
1108.000000,0.314031,0.304798,0.313730,0.286918,0.322940
1109.000000,0.320063,0.307257,0.313451,0.290197,0.327116
1110.000000,0.323404,0.309206,0.313405,0.293739,0.329900
1111.000000,0.327487,0.314031,0.314194,0.297637,0.338716
1112.000000,0.333333,0.320481,0.315655,0.301643,0.347996
1113.000000,0.332684,0.323357,0.315354,0.304937,0.319692
1114.000000,0.330364,0.325213,0.314704,0.307922,0.315516
1115.000000,0.326559,0.324981,0.313567,0.310690,0.310876
1116.000000,0.321733,0.324610,0.313405,0.313552,0.314588
1117.000000,0.314402,0.323868,0.313405,0.316289,0.311340
1118.000000,0.310041,0.321362,0.313080,0.316274,0.297884
1119.000000,0.308370,0.319367,0.313312,0.315423,0.307164
1120.000000,0.308278,0.317418,0.313312,0.314743,0.310412
1121.000000,0.307442,0.314588,0.314310,0.314325,0.310412
1122.000000,0.306607,0.310505,0.315493,0.313938,0.307164
1123.000000,0.307906,0.308974,0.316166,0.313227,0.304380
1124.000000,0.307906,0.308138,0.316676,0.312515,0.307164
1125.000000,0.309948,0.309113,0.317047,0.312082,0.320620
1126.000000,0.315980,0.311711,0.318161,0.312840,0.340572
1127.000000,0.323311,0.314959,0.319414,0.313923,0.343820
1128.000000,0.329807,0.318857,0.320110,0.315006,0.336860
1129.000000,0.334169,0.321037,0.320202,0.315887,0.328972
1130.000000,0.337509,0.323729,0.320573,0.316784,0.337324
1131.000000,0.335097,0.325538,0.320063,0.318052,0.328508
1132.000000,0.332034,0.327673,0.319089,0.319553,0.328508
1133.000000,0.331570,0.330689,0.319831,0.321007,0.334540
1134.000000,0.333148,0.333658,0.320898,0.322337,0.336860
1135.000000,0.328322,0.332916,0.321014,0.322337,0.313196
1136.000000,0.326745,0.330921,0.321316,0.322414,0.320620
1137.000000,0.325167,0.328601,0.321780,0.322476,0.320620
1138.000000,0.322383,0.326977,0.322917,0.322399,0.320620
1139.000000,0.319414,0.326281,0.323659,0.322228,0.322012
1140.000000,0.323961,0.326141,0.324935,0.322429,0.335932
1141.000000,0.327487,0.327116,0.326327,0.322414,0.338252
1142.000000,0.331106,0.328137,0.327905,0.322105,0.338716
1143.000000,0.334354,0.328369,0.329529,0.322677,0.336860
1144.000000,0.337416,0.328415,0.331037,0.323404,0.337324
1145.000000,0.338437,0.331199,0.332057,0.324409,0.341036
1146.000000,0.337788,0.332637,0.331779,0.325090,0.335004
1147.000000,0.334261,0.332684,0.330642,0.325415,0.321084
1148.000000,0.332405,0.333380,0.330178,0.326404,0.327580
1149.000000,0.331756,0.334586,0.330433,0.327301,0.334076
1150.000000,0.329065,0.333751,0.329946,0.327874,0.327580
1151.000000,0.328601,0.333194,0.330155,0.328616,0.332684
1152.000000,0.330271,0.332266,0.330201,0.329358,0.329436
1153.000000,0.329993,0.331199,0.329784,0.330085,0.326188
1154.000000,0.330642,0.331199,0.329807,0.331091,0.337324
1155.000000,0.334076,0.331570,0.331385,0.331895,0.344748
1156.000000,0.338808,0.333705,0.333171,0.332421,0.356347
1157.000000,0.344284,0.337277,0.334981,0.332854,0.356811
1158.000000,0.350408,0.340200,0.336790,0.333519,0.356811
1159.000000,0.346882,0.338762,0.336674,0.333210,0.319692
1160.000000,0.336674,0.335375,0.334563,0.331756,0.293708
1161.000000,0.326281,0.332545,0.332869,0.330951,0.304380
1162.000000,0.320527,0.332405,0.332336,0.330936,0.328044
1163.000000,0.311990,0.331199,0.331199,0.330256,0.314124
1164.000000,0.308927,0.327905,0.329552,0.329173,0.304380
1165.000000,0.311340,0.324007,0.327789,0.328925,0.305772
1166.000000,0.312546,0.319414,0.326559,0.328585,0.310412
1167.000000,0.308742,0.314634,0.325956,0.328198,0.309020
1168.000000,0.307721,0.309855,0.325028,0.327812,0.309020
1169.000000,0.308463,0.308695,0.323729,0.327348,0.308092
1170.000000,0.303638,0.307489,0.321432,0.325538,0.281644
1171.000000,0.300390,0.306468,0.319506,0.324069,0.294172
1172.000000,0.296307,0.302524,0.317465,0.322399,0.288604
1173.000000,0.291017,0.299369,0.315284,0.320589,0.282572
1174.000000,0.286470,0.297467,0.312686,0.318857,0.285356
1175.000000,0.288419,0.296028,0.310018,0.317202,0.291388
1176.000000,0.299926,0.300158,0.309786,0.317759,0.351707
1177.000000,0.314310,0.305308,0.309971,0.319073,0.360523
1178.000000,0.329343,0.310180,0.310018,0.320079,0.357739
1179.000000,0.340943,0.313706,0.311201,0.320388,0.343356
1180.000000,0.351707,0.320063,0.313776,0.320976,0.345212
1181.000000,0.350501,0.325213,0.315841,0.321409,0.345676
1182.000000,0.348367,0.331338,0.316931,0.322089,0.349852
1183.000000,0.347253,0.338298,0.318834,0.322955,0.352171
1184.000000,0.348088,0.344516,0.320991,0.323296,0.347532
1185.000000,0.348738,0.350223,0.323125,0.323419,0.348460
1186.000000,0.351336,0.350919,0.325538,0.323497,0.358667
1187.000000,0.353471,0.350919,0.328113,0.323620,0.360523
1188.000000,0.355512,0.351383,0.330781,0.323806,0.362379
1189.000000,0.358946,0.353517,0.333612,0.325306,0.364699
1190.000000,0.368504,0.358621,0.339342,0.328724,0.396251
1191.000000,0.374072,0.362704,0.343959,0.331462,0.386507
1192.000000,0.381218,0.367344,0.349341,0.333735,0.396251
1193.000000,0.387064,0.371288,0.354793,0.336318,0.391611
1194.000000,0.390219,0.374582,0.359549,0.338855,0.380475
1195.000000,0.386878,0.377691,0.363957,0.341314,0.379547
1196.000000,0.385579,0.379826,0.365372,0.343634,0.380011
1197.000000,0.382238,0.381728,0.366323,0.345985,0.379547
1198.000000,0.382517,0.384790,0.368086,0.348784,0.393003
1199.000000,0.385254,0.387737,0.370627,0.351653,0.394163
1200.000000,0.388781,0.387829,0.373225,0.355505,0.397179
1201.000000,0.392585,0.389082,0.375893,0.359000,0.399035
1202.000000,0.396669,0.389453,0.378399,0.362712,0.399963
1203.000000,0.396205,0.389361,0.380324,0.366316,0.390683
1204.000000,0.395323,0.390289,0.382436,0.369796,0.389755
1205.000000,0.393189,0.390985,0.384338,0.372966,0.386507
1206.000000,0.390776,0.391681,0.385753,0.374142,0.386971
1207.000000,0.389384,0.393026,0.387377,0.375224,0.393003
1208.000000,0.390497,0.393351,0.389071,0.376508,0.396251
1209.000000,0.391797,0.393560,0.390648,0.378271,0.396251
1210.000000,0.395880,0.394534,0.391182,0.380328,0.406923
1211.000000,0.403675,0.397225,0.393154,0.383004,0.425947
1212.000000,0.410171,0.399777,0.394615,0.385525,0.425483
1213.000000,0.413048,0.401772,0.395567,0.387474,0.410635
1214.000000,0.415831,0.403814,0.397051,0.389562,0.410171
1215.000000,0.423812,0.409846,0.400415,0.392841,0.446826
1216.000000,0.421585,0.412630,0.402155,0.394712,0.414811
1217.000000,0.422142,0.416156,0.404591,0.396970,0.428267
1218.000000,0.426689,0.419868,0.406610,0.399336,0.433370
1219.000000,0.430494,0.423163,0.408361,0.401486,0.429195
1220.000000,0.428081,0.425947,0.410240,0.402770,0.434762
1221.000000,0.430215,0.425900,0.411563,0.404069,0.425483
1222.000000,0.427524,0.424833,0.412305,0.404688,0.414811
1223.000000,0.424276,0.425483,0.413628,0.405539,0.417131
1224.000000,0.420100,0.425297,0.414555,0.406467,0.408315
1225.000000,0.414532,0.421307,0.415576,0.407379,0.406923
1226.000000,0.414903,0.422559,0.417595,0.408957,0.427339
1227.000000,0.416852,0.422188,0.419172,0.410457,0.424555
1228.000000,0.416481,0.420379,0.420123,0.411199,0.415275
1229.000000,0.419265,0.419683,0.421423,0.412135,0.422235
1230.000000,0.421492,0.418012,0.421979,0.412831,0.418059
1231.000000,0.421771,0.418337,0.422119,0.413821,0.428731
1232.000000,0.423534,0.420193,0.422513,0.414934,0.433370
1233.000000,0.425390,0.420935,0.423209,0.416063,0.424555
1234.000000,0.425575,0.422420,0.423859,0.417177,0.423163
1235.000000,0.428267,0.424879,0.423093,0.418677,0.431514
1236.000000,0.429195,0.425483,0.424021,0.420224,0.433370
1237.000000,0.429287,0.426411,0.424299,0.421585,0.433834
1238.000000,0.426225,0.425807,0.423093,0.422018,0.409243
1239.000000,0.423163,0.424369,0.422026,0.422405,0.407851
1240.000000,0.421028,0.424647,0.421330,0.422869,0.420843
1241.000000,0.416574,0.422884,0.420611,0.422374,0.411099
1242.000000,0.407944,0.418615,0.419404,0.421214,0.390683
1243.000000,0.404974,0.415599,0.418267,0.420672,0.394395
1244.000000,0.399499,0.411331,0.416875,0.419683,0.380475
1245.000000,0.390497,0.405763,0.415321,0.417316,0.375835
